publisher,title,author,primary_isbn10,weeks_on_list
Sapphire Star Publishing,LOST TO YOU,A L Jackson,1938404505,0
Random House,CONVICTION,Aaron Allston,345509102,1
Abbi Glines,FOREVER TOO FAR,Abbi Glines,988301334,2
Atria,RUSH TOO FAR,Abbi Glines,1476775958,1
Atria,SIMPLE PERFECTION,Abbi Glines,1476756538,1
Atria,TAKE A CHANCE,Abbi Glines,1476756562,1
Abbi Glines,TWISTED PERFECTION,Abbi Glines,988301326,2
Atria,WHEN I'M GONE,Abbi Glines,1476776105,1
Atria,YOU WERE MINE,Abbi Glines,1476776083,1
Knopf Doubleday,CUTTING FOR STONE,Abraham Verghese,375714367,0
Putnam,ROBERT B. PARKER'S LITTLE WHITE LIES,Ace Atkins,698413067,1
Putnam,ROBERT B. PARKER'S OLD BLACK MAGIC,Ace Atkins,698413075,1
Addison Moore,SOMEONE TO LOVE,Addison Moore,1624300006,4
Harper,ALL THE STARS IN THE HEAVENS,Adriana Trigiani,62319213,0
Harper,KISS CARLO,Adriana Trigiani,62319221,1
HarperCollins Publishers,THE SHOEMAKERS WIFE,Adriana Trigiani,62098063,1
Harper,THE PERFECT MOTHER,Aimee Molloy,62696815,1
Morrow,THE WOMAN IN THE WINDOW,AJ Finn,62678418,15
Delacorte,AS CHIMNEY SWEEPERS COME TO DUST,Alan Bradley,345539958,0
Delacorte,THE GRAVE'S A FINE AND PRIVATE PLACE,Alan Bradley,345540018,1
Random House,THRICE THE BRINDED CAT HATH MEW'D,Alan Bradley,345539982,1
Lucasbooks,THE FORCE AWAKENS,Alan Dean Foster,1101965495,2
Random House,MIDNIGHT IN EUROPE,Alan Furst,679604235,1
Random House Publishing,MISSION TO PARIS,Alan Furst,679604227,1
Romig Works,FIDELITY,Aleatha Romig,996839445,1
EverAfter Romance,MOONSHOT,Alessandra Torre,1940941776,0
Putnam,THE DECEIVERS,Alex Berenson,698407539,1
Pantheon,PRECIOUS AND GRACE,Alexander McCall Smith,1101871369,1
Pantheon,THE HOUSE OF UNEXPECTED SISTERS,Alexander McCall Smith,1101871385,1
Knopf Doubleday Publishing,THE LIMPOPO ACADEMY OF PRIVATE DETECTION,Alexander McCall Smith,307378403,1
Open Road Media,SEVENTH HEAVEN,Alice Hoffman,1453206361,0
Simon & Schuster,THE DOVEKEEPERS,Alice Hoffman,1451617496,0
Simon & Schuster,THE MARRIAGE OF OPPOSITES,Alice Hoffman,1451693613,0
Simon & Schuster,THE RULES OF MAGIC,Alice Hoffman,1501137492,1
St. Martin's,MAKE THEM PAY,Allison Brennan,1250105277,1
Minotaur,NO GOOD DEED,Allison Brennan,1466870036,0
Morrow/HarperCollins,THE LOST GIRLS,Allison Brennan,1250105102,1
Putnam,GARDEN OF LIES,Amanda Quick,1101621044,1
Berkley,THE GIRL WHO KNEW TOO MUCH,Amanda Quick,698193628,1
Berkley,THE OTHER LADY VANISHES,Amanda Quick,399585338,1
Ecco/HarperCollins,THE VALLEY OF AMAZEMENT,Amy Tan,62107313,3
Crown,ARTEMIS,Andy Weir,553448129,6
Knopf,THE STARS ARE FIRE,Anita Shreve,385350910,1
Random House,SISTERHOOD EVERLASTING,Ann Brashares,679605096,1
Harper/HarperCollins,COMMONWEALTH,Ann Patchett,62491814,0
HarperCollins,STATE OF WONDER,Ann Patchett,62049828,0
Houghton Mifflin Harcourt,THE MAGICIAN'S ASSISTANT,Ann Patchett,547548796,1
Random House,MILLER'S VALLEY,Anna Quindlen,812996089,0
Random House,STILL LIFE WITH BREAD CRUMBS,Anna Quindlen,812995759,0
ROC,ETCHED IN BONE,Anne Bishop,698190459,1
Roc,MARKED IN FLESH,Anne Bishop,698190424,1
Harper,CAVE OF BONES,Anne Hillerman,62391941,1
Harper,ROCK WITH WINGS,Anne Hillerman,62270532,1
Harper,SONG OF THE LION,Anne Hillerman,62391895,1
Knopf,PRINCE LESTAT,Anne Rice,307962520,2
Knopf,PRINCE LESTAT AND THE REALMS OF ATLANTIS,Anne Rice,385353790,1
Knopf Doubleday Publishing,THE WOLF GIFT,Anne Rice,307595110,0
Grand Central,THE GIRLS OF AUGUST,Anne Rivers Siddons,446565849,1
Knopf,A SPOOL OF BLUE THREAD,Anne Tyler,1101874287,0
Dial,THE TRUTH ACCORDING TO US,Annie Barrows,812997840,0
Scribner,BARKSKINS,Annie Proulx,743288785,0
Scribner,ALL THE LIGHT WE CANNOT SEE,Anthony Doerr,1501173219,81
Ace,QUEEN OF FIRE,Anthony Ryan,1101612983,0
Knopf Doubleday Publishing,THE TWELVE TRIBES OF HATTIE,Ayana Mathis,385350287,0
St. Martins,BEHIND CLOSED DOORS,B A Paris,1250121019,2
Knopf Doubleday,ESCAPE,Barbara Delinsky,385532733,0
Barbara Freethy,IF I DIDN'T KNOW BETTER,Barbara Freethy,996117113,0
HarperCollins Publishers,FLIGHT BEHAVIOR,Barbara Kingsolver,62124285,0
Oak Press,ALL I EVER NEED IS YOU,Bella Andre,1938127595,1
Oak Press,NOW THAT I'VE FOUND YOU,Bella Andre,1938127897,1
Oak Press,YOU DO SOMETHING TO ME,Bella Andre,1945253460,1
Oak Press,WILD IN LOVE,Bella Andre and Jennifer Skully,1945253436,1
HarperCollins Publishers,DEATH OF KINGS,Bernard Cornwell,62097113,1
Harper,THE EMPTY THRONE,Bernard Cornwell,62250744,0
Harper,THE FLAME BEARER,Bernard Cornwell,62250825,1
Harper,WARRIORS OF THE STORM,Bernard Cornwell,62250965,1
Penguin Group,BECAUSE YOU ARE MINE PART IV,Beth Kerry,1101608528,0
Crown/Archetype,DARK MATTER,Blake Crouch,1101904232,0
Grand Central,THE ESCAPE ARTIST,Brad Meltzer,1455559512,4
Grand Central,THE INNER CIRCLE,Brad Meltzer,446582638,0
Grand Central,THE HOUSE OF SECRETS,Brad Meltzer and Tod Goldberg,1455559504,1
Dutton,OPERATOR DOWN,Brad Taylor,1101984821,1
Dutton,THE FORGOTTEN SOLDIER,Brad Taylor,698404149,1
Simon & Schuster,BLACK LIST,Brad Thor,1439193061,0
Emily Bestler/Atria,CODE OF CONDUCT,Brad Thor,1476717176,6
Emily Bestler/Atria,FOREIGN AGENT,Brad Thor,1476789371,0
Simon & Schuster,FULL BLACK,Brad Thor,1416586768,4
Emily Bestler/Atria,HIDDEN ORDER,Brad Thor,1476717117,0
Atria/Emily Bestler,USE OF FORCE,Brad Thor,1476789401,4
Tor/Tom Doherty,SHADOWS OF SELF,Brandon Sanderson,1466862661,1
Tom Doherty Associates,THE ALLOY OF LAW,Brandon Sanderson,1429994894,1
Orbit,THE BLOOD MIRROR,Brent Weeks,316251313,1
Orbit,THE BROKEN EYE,Brent Weeks,316235555,1
Morrow/HarperCollins,FINDING JAKE,Bryan Reardon,62339532,1
Flip City Media,MARRIAGE GAMES,C D Reiss,1942833288,0
Putnam,STONE COLD,C J Box,698150171,1
Putnam,VICIOUS CIRCLE,C J Box,399176616,2
Knopf,RAZOR GIRL,Carl Hiaasen,385349750,0
CP Publishing,GOING DOWN FAST,Carly Phillips,1942288093,0
Berkley,MULBERRY MOON,Catherine Anderson,451488024,1
Signet,NEW LEAF,Catherine Anderson,451418352,0
Gallery Books,ENIGMA,Catherine Coulter,1501138111,1
Gallery Books,INSIDIOUS,Catherine Coulter,1501150316,3
Gallery Books,THE DEVIL'S TRIANGLE,Catherine Coulter and J T Ellison,1501150359,1
Putnam,THE LOST KEY,Catherine Coulter and J T Ellison,1101618752,1
Gallery,THE SIXTH DAY,Catherine Coulter and JT Ellison,1501138219,1
Penguin,EVERYTHING I NEVER TOLD YOU,Celeste Ng,1101634618,1
Penguin Press,LITTLE FIRES EVERYWHERE,Celeste Ng,735224307,31
"Little, Brown & Company",THE ART OF FIELDING,Chad Harbach,316126691,0
Ace,MIDNIGHT CROSSROAD,Charlaine Harris,1101598794,0
Ace,NIGHT SHIFT,Charlaine Harris,1101598832,0
Evil Eye Concepts,SERVICING THE TARGET,Cherise Sinclair,1940887917,0
Putnam,THE IMMORTALISTS,Chloe Benjamin,735213186,1
Doubleday,THE FLIGHT ATTENDANT,Chris Bohjalian,385542429,1
Doubleday,THE GUEST ROOM,Chris Bohjalian,385538901,0
Doubleday,THE SLEEPWALKER,Chris Bohjalian,385538928,0
Simon & Schuster,LITTLE BEE,Chris Cleave,1416589643,0
Gallery,BEAUTIFUL,Christina Lauren,1501128000,0
Simon & Schuster,BEAUTIFUL BEGINNING,Christina Lauren,1476751749,1
Gallery Books,BEAUTIFUL BITCH,Christina Lauren,1476751722,1
Gallery,BEAUTIFUL BOSS,Christina Lauren,1501131222,0
Simon & Schuster,BEAUTIFUL PLAYER,Christina Lauren,1476751412,1
Simon & Schuster,BEAUTIFUL SECRET,Christina Lauren,1476778019,1
Gallery Books,BEAUTIFUL STRANGER,Christina Lauren,1476731543,1
Gallery,DARK WILD NIGHT,Christina Lauren,1476777950,0
Gallery Books,DIRTY ROWDY THING,Christina Lauren,1476777977,1
Gallery Books,WICKED SEXY LIAR,Christina Lauren,1476777993,1
Berkley,BOUND TOGETHER,Christine Feehan,399583947,1
Berkley,COVERT GAME,Christine Feehan,451489888,1
Jove,FIRE BOUND,Christine Feehan,698197755,1
Berkley,JUDGMENT ROAD,Christine Feehan,451488512,2
Berkley,LEOPARD'S BLOOD,Christine Feehan,399583971,2
Penguin Group,SAVAGE NATURE,Christine Feehan,515149330,1
Jove,VIPER GAME,Christine Feehan,698180569,1
Morrow,NOIR,Christopher Moore,62433970,1
HarperCollins Publishers,SACRE BLEU,Christopher Moore,61779741,1
HarperCollins Publishers,SACRE BLEU,Christopher Moore,61779741,1
Morrow,SECONDHAND SOULS,Christopher Moore,61779784,0
Del Rey,AFTERMATH: EMPIRE'S END,Chuck Wendig,1101966963,1
Del Rey,LIFE DEBT: AFTERMATH,Chuck Wendig,1101966947,0
Pocket Books,LAST MAN STANDING,Cindy Gerard,1451606869,0
Putnam,THE DISAPPEARED,CJ Box,399176624,2
Del Rey,STAR WARS: BLOODLINE,Claudia Gray,345511360,1
Putnam,THE EMPEROR'S REVENGE,Clive Cussler and Boyd Morrison,399175962,0
Putnam,ODESSA SEA,Clive Cussler and Dirk Cussler,399575510,0
Putnam,DEVILS GATE,Clive Cussler and Graham Brown,399157824,0
Putnam,NIGHTHAWK,Clive Cussler and Graham Brown,399184015,3
Putnam,THE PHARAOH'S SECRET,Clive Cussler and Graham Brown,399174117,0
Putnam,THE RISING SEA,Clive Cussler and Graham Brown,735215537,2
Putnam,THE BOOTLEGGER,Clive Cussler and Justin Scott,698140737,0
Putnam,THE CUTTHROAT,Clive Cussler and Justin Scott,399575618,1
Putnam,THE GANGSTER,Clive Cussler and Justin Scott,698406427,3
Penguin Group,THE RACE,Clive Cussler and Justin Scott,399157816,0
Putnam,PIRATE,Clive Cussler and Robin Burcell,399183973,0
Putnam,THE ROMANOV RANSOM,Clive Cussler and Robin Burcell,399575553,1
Putnam,THE SOLOMON CURSE,Clive Cussler and Russell Blake,698192095,1
Penguin Group,THE KINGDOM,Clive Cussler with Grant Blackwood,399157425,0
Atria,11/9/2020,Colleen Hoover,1501110357,1
Atria,CONFESS,Colleen Hoover,1476791465,1
Atria,IT ENDS WITH US,Colleen Hoover,1501110373,0
Atria,THIS GIRL,Colleen Hoover,1476746540,1
Atria,WITHOUT MERIT,Colleen Hoover,1501170635,1
Scribner,BROOKLYN,Colm Toibin,1501106473,1
Doubleday,THE UNDERGROUND RAILROAD,Colson Whitehead,385542364,16
BAAE,ONE LAST TIME,Corinne Michaels,1942834225,1
EverAfter Romance,SAY I'M YOURS,Corinne Michaels,1942834217,1
BAAE,SAY YOU WANT ME,Corinne Michaels,1942834209,1
BAAE,SAY YOU'LL STAY,Corinne Michaels,1942834187,0
Viking,ANY OTHER NAME,Craig Johnson,698163532,1
Viking,DRY BONES,Craig Johnson,698157516,1
Viking,THE WESTERN STAR,Craig Johnson,698157540,1
Random House,ELIGIBLE,Curtis Sittenfeld,812997611,0
Ecco/HarperCollins,THE NEST,Cynthia D'Aprix Sweeney,62414216,11
Anchor,INFERNO,Dan Brown,1101972971,0
Doubleday,ORIGIN,Dan Brown,385514239,20
Knopf Doubleday,THE LOST SYMBOL,Dan Brown,1400079144,0
Harper,HOUSE OF SPIES,Daniel Silva,62354361,4
Harper,THE BLACK WIDOW,Daniel Silva,62320246,0
Harper,THE ENGLISH GIRL,Daniel Silva,62073206,0
Harper,THE ENGLISH SPY,Daniel Silva,62320157,0
HarperCollins Publishers,THE FALLEN ANGEL,Daniel Silva,62073176,0
Random House,44 CHARLES STREET,Danielle Steel,385343140,2
Delacorte,A PERFECT LIFE,Danielle Steel,345530969,0
Delacorte,ACCIDENTAL HEROES,Danielle Steel,1101884096,2
Random House Publishing,BETRAYAL,Danielle Steel,345532341,0
Delacorte,FAIRYTALE,Danielle Steel,1101884061,2
Delacorte,FALL FROM GRACE,Danielle Steel,1101884002,2
Random House Publishing,FRIENDS FOREVER,Danielle Steel,345533569,0
Random House,HAPPY BIRTHDAY,Danielle Steel,440423317,0
Random House Publishing,HOTEL VENDOME,Danielle Steel,345529200,0
Delacorte,MAGIC,Danielle Steel,1101885572,3
Delacorte,PAST PERFECT,Danielle Steel,1101883979,1
Delacorte,PRECIOUS GIFTS,Danielle Steel,345531035,0
Delacorte,PROPERTY OF A NOBLEWOMAN,Danielle Steel,804179662,0
Delacorte,RUSHING WATERS,Danielle Steel,425285375,0
Delacorte,THE APARTMENT,Danielle Steel,425285421,5
Delacorte,THE AWARD,Danielle Steel,1101883855,0
Delacorte,THE CAST,Danielle Steel,1101884037,2
Delacorte,THE DUCHESS,Danielle Steel,345531086,2
Delacorte,THE MISTRESS,Danielle Steel,345531116,3
Delacorte,THE RIGHT TIME,Danielle Steel,1101883960,5
Delacorte,WINNERS,Danielle Steel,345539680,0
St. Martin's,SIXTH GRAVE ON THE EDGE,Darynda Jones,1466845260,0
St. Martin's,THE DIRT ON NINTH GRAVE,Darynda Jones,1466886153,0
St. Martins Press,THE CIRCLE,Dave Eggers,385351402,1
Grand Central Publishing,BULLSEYE,David Baldacci,1455557285,0
Grand Central,END GAME,David Baldacci,1455586633,8
Grand Central,HELL'S CORNER,David Baldacci,446571415,0
Grand Central,MEMORY MAN,David Baldacci,1455559806,0
Grand Central,NO MAN'S LAND,David Baldacci,1455586501,10
Grand Central,NO TIME LEFT,David Baldacci,1455504394,1
Grand Central,ONE SUMMER,David Baldacci,446583170,0
Grand Central,THE ESCAPE,David Baldacci,1455521167,12
Grand Central,THE FALLEN,David Baldacci,1538761378,6
Grand Central,THE FIX,David Baldacci,1455586587,12
Grand Central,THE FORGOTTEN,David Baldacci,446573043,15
Grand Central,THE GUILTY,David Baldacci,1455586439,10
Grand Central,THE HIT,David Baldacci,1455521280,9
Grand Central Publishing,THE INNOCENT,David Baldacci,446573000,0
Grand Central,THE SIXTH MAN,David Baldacci,446573078,8
Vision,TOTAL CONTROL,David Baldacci,759524920,0
Grand Central Publishing,ZERO DAY,David Baldacci,446573027,0
Knopf,THE GIRL IN THE SPIDER'S WEB,David Lagercrantz,385354290,10
Knopf,THE GIRL WHO TAKES AN EYE FOR AN EYE,David Lagercrantz,451494334,7
Random House Publishing,CLOUD ATLAS,David Mitchell,375507256,0
Random House,SLADE HOUSE,David Mitchell,812998685,0
Random House,THE BONE CLOCKS,David Mitchell,1400065674,1
Knopf Doubleday,ONE DAY,David Nicholls,307946711,0
Tor,AT THE SIGN OF TRIUMPH,David Weber,1429952113,1
Tom Doherty,HOW FIRM A FOUNDATION,David Weber,765321548,0
Tom Doherty Associates,MIDST TOIL AND TRIBULATION,David Weber,1429944684,0
Random House Publishing,77 SHADOW STREET,Dean Koontz,345532368,0
Bantam,ASHLEY BELL,Dean Koontz,345545966,3
Bantam,DEEPLY ODD,Dean Koontz,345535693,1
Random House,FRANKENSTEIN: THE DEAD TOWN,Dean Koontz,553593684,1
Bantam,INNOCENCE,Dean Koontz,345539656,0
Random House Publishing,ODD APOCALYPSE,Dean Koontz,345533585,0
Random House Publishing,ODD INTERLUDE #2,Dean Koontz,345536770,1
Bantam,THE CROOKED STAIRCASE,Dean Koontz,525483446,1
Bantam,THE SILENT CORNER,Dean Koontz,345546784,2
Bantam,THE WHISPERING ROOM,Dean Koontz,345546814,1
Random House,WHAT THE NIGHT KNOWS,Dean Koontz,553907530,0
Bantam,WILDERNESS,Dean Koontz,804178615,1
Mira,1105 YAKIMA STREET,Debbie Macomber,778312518,4
Mira,16 LIGHTHOUSE ROAD,Debbie Macomber,1459254821,1
Ballantine,A GIRL'S GUIDE TO MOVING ON,Debbie Macomber,553391925,0
Random House Publishing,ANGELS AT THE TABLE,Debbie Macomber,345535960,0
Ballantine,ANY DREAM WILL DO,Debbie Macomber,399181202,1
Ballantine,BLOSSOM STREET BRIDES,Debbie Macomber,345549864,1
Ballantine,DASHING THROUGH THE SNOW,Debbie Macomber,553391704,1
Ballantine,IF NOT FOR YOU,Debbie Macomber,553391976,1
Ballantine,LAST ONE HOME,Debbie Macomber,553391895,0
Ballantine,MERRY AND BRIGHT,Debbie Macomber,399181237,1
Ballantine,STARRY NIGHT,Debbie Macomber,345545524,1
Random House Publishing,STARTING NOW,Debbie Macomber,345533534,1
Random House,SWEET TOMORROWS,Debbie Macomber,553391860,0
Random House Publishing,THE INN AT ROSE HARBOR,Debbie Macomber,345535111,5
Ballantine,TWELVE DAYS OF CHRISTMAS,Debbie Macomber,553391747,1
Viking,THE BOOK OF LIFE,Deborah Harkness,698163478,4
Denise Grover Swank,THE SUBSTITUTE,Denise Grover Swank,1939996236,1
DGS,THIRTY-FIVE AND A HALF CONSIPIRACIES,Denise Grover Swank,1939996341,0
Denise Grover Swank,THIRTY-FOUR AND A HALF PREDICAMENTS,Denise Grover Swank,1939996260,1
Denise Grover Swank,THIRTY-SIX AND A HALF MOTIVES,Denise Grover Swank,1939996392,1
HarperCollins Publishers,LIVE BY NIGHT,Dennis Lehane,62200291,0
Ecco/HarperCollins,SINCE WE FELL,Dennis Lehane,62129406,1
Random House Publishing,A LEAF ON THE WIND OF ALL HALLOWS,Diana Gabaldon,345545370,1
Dell,DRAGONFLY IN AMBER,Diana Gabaldon,440335183,0
Dell,OUTLANDER,Diana Gabaldon,440335167,21
Random House Publishing,THE SCOTTISH PRISONER,Diana Gabaldon,385337515,0
Dell,VIRGINS,Diana Gabaldon,1101882522,1
Harlequin,TRUE BLUE AND CARRERAS BRIDE,Diana Palmer,1459281969,0
Harlequin,WYOMING BOLD,Diana Palmer,1460320891,1
HQN,WYOMING BRAVE,Diana Palmer,373789947,0
Harlequin,WYOMING TOUGH,Diana Palmer,1459215230,0
HQN,WYOMING WINTER,Diana Palmer,373803729,1
St. Martin's Griffin,THE SILENT SISTER,Diane Chamberlain,1250010721,0
HarperCollins,CRUNCH TIME,Diane Mott Davidson,61348155,0
Morrow,THE FORCE,Don Winslow,62664425,1
Atlantic Monthly Press,BY ITS COVER,Donna Leon,802192505,0
Atlantic Monthly,EARTHLY REMAINS,Donna Leon,802189458,1
Atlantic Monthly,FALLING IN LOVE,Donna Leon,802191835,1
Atlantic Monthly,THE TEMPTATION OF FORGIVENESS,Donna Leon,802165613,1
Atlantic Monthly,THE WATERS OF ETERNAL YOUTH,Donna Leon,802190316,1
"Little, Brown",THE GOLDFINCH,Donna Tartt,316055441,0
Morrow/HarperCollins,ALL SUMMER LONG,Dorothea Benton Frank,62390759,0
Morrow/HarperCollins,ALL THE SINGLE LADIES,Dorothea Benton Frank,62132563,0
Morrow,BY INVITATION ONLY,Dorothea Benton Frank,62390821,2
HarperCollins,FOLLY BEACH,Dorothea Benton Frank,61961272,1
HarperCollins Publishers,PORCH LIGHTS,Dorothea Benton Frank,62194860,1
Morrow,"SAME BEACH, NEXT YEAR",Dorothea Benton Frank,62390783,2
Morrow/HarperCollins,THE HURRICANE SISTERS,Dorothea Benton Frank,62132520,0
Morrow/HarperCollins,THE LAST ORIGINAL WIFE,Dorothea Benton Frank,62132458,0
Grand Central,BLUE LABYRINTH,Douglas Preston and Lincoln Child,1455525901,0
Grand Central,COLD VENGEANCE,Douglas Preston and Lincoln Child,446554987,2
Grand Central,CRIMSON SHORE,Douglas Preston and Lincoln Child,1455525936,2
Grand Central Publishing,GIDEONS CORPSE,Douglas Preston and Lincoln Child,446564354,1
Grand Central,THE OBSIDIAN CHAMBER,Douglas Preston and Lincoln Child,1455536911,0
Grand Central,WHITE FIRE,Douglas Preston and Lincoln Child,1455525855,2
Random House Publishing,THE OLD REPUBLIC: REVAN,Drew Karpyshyn,345511344,1
Vintage,FIFTY SHADES DARKER,E L James,525431888,66
Vintage,FIFTY SHADES FREED,E L James,1612130615,0
Vintage,FIFTY SHADES TRILOGY,E L James,345803574,19
Vintage,GREY,E L James,1101946342,0
Doubleday,PARIS,Edward Rutherfurd,385535317,1
Vintage,DARKER,EL James,385543980,9
Europa Editions,MY BRILLIANT FRIEND,Elena Ferrante,1609450787,0
"Reagan Arthur/Little, Brown",BEAUTIFUL DAY,Elin Hilderbrand,316227188,0
"Little, Brown",HERE'S TO US,Elin Hilderbrand,316375152,0
"Little, Brown",SILVER GIRL,Elin Hilderbrand,316175579,2
"Little, Brown & Company",SUMMERLAND,Elin Hilderbrand,316202479,0
"Little, Brown",THE IDENTICALS,Elin Hilderbrand,316375209,6
"Little, Brown",THE RUMOR,Elin Hilderbrand,316334502,0
"Little, Brown",WINTER SOLSTICE,Elin Hilderbrand,316435481,1
"Little, Brown",WINTER STORMS,Elin Hilderbrand,316261157,1
"Little, Brown",WINTER STROLL,Elin Hilderbrand,316261122,0
Elisabeth Naughton,WAIT FOR ME,Elisabeth Naughton,985671955,3
Indie Six,WICKED FIRSTS,Elisabeth Naughton and others,988986221,0
Penguin Group,BELIEVING THE LIE,Elizabeth George,525952586,0
Random House,ANYTHING IS POSSIBLE,Elizabeth Strout,812989422,1
Random House,MY NAME IS LUCY BARTON,Elizabeth Strout,812989074,5
Random House,THE BURGESS BOYS,Elizabeth Strout,812984617,0
HarperCollins Publishers,RAYLAN,Elmore Leonard,62119486,0
Avon Impulse,A GENTLEMAN NEVER TELLS,Eloisa James,62573063,0
Avon,MY AMERICAN DUCHESS,Eloisa James,62389440,1
Avon,SEVEN MINUTES IN HEAVEN,Eloisa James,62389467,1
Avon,WILDE IN LOVE,Eloisa James,62389483,1
Ballantine,FIRST COMES LOVE,Emily Giffin,345546938,0
St. Martins,SOMETHING BLUE,Emily Giffin,1429904623,0
St. Martin's,SOMETHING BORROWED,Emily Giffin,1429904607,0
St. Martin's Press,WHERE WE BELONG,Emily Giffin,1429957867,0
Emma Chase,ROYALLY SCREWED,Emma Chase,997426225,1
Random House,THE GIRLS,Emma Cline,812998618,8
"Little, Brown",ROOM,Emma Donoghue,316098329,0
Riverhead,THE VACATIONERS,Emma Straub,1101618043,0
Witness Impulse,THE SILENT GIRLS,Eric Rickstad,62351516,0
Grand Central,THE BOURNE DOMINION,Eric Van Lustbader,446564443,0
Knopf Doubleday,THE NIGHT CIRCUS,Erin Morgenstern,385534647,0
Crown,ARMADA,Ernest Cline,804137250,1
Broadway,READY PLAYER ONE,Ernest Cline,307887448,24
Ace,DARK QUEEN,Faith Hunter,1101991437,1
Random House,THE ALL-GIRL FILLING STATION'S LAST REUNION,Fannie Flagg,1400065941,0
Morrow,BONE BOX,Faye Kellerman,62425250,1
Morrow/HarperCollins,THE BEAST,Faye Kellerman,62121774,0
Kensington,CHRISTMAS AT TIMBERWOODS,Fern Michaels,1420125885,0
Kensington,COUNTDOWN,Fern Michaels,1420134965,1
Zebra,FAST AND LOOSE,Fern Michaels,1420140647,1
Zebra,FORGET ME NOT,Fern Michaels,1420133152,0
Kensington,HOME FREE,Fern Michaels,1420122487,1
Zebra,IN PLAIN SIGHT,Fern Michaels,1420135953,1
Kensington,NO SAFE SECRET,Fern Michaels,1617734616,0
Zebra/Kensington,THE SCOOP,Fern Michaels,1420127950,1
Zebra,UPSIDE DOWN,Fern Michaels,1420134957,1
Zebra,WISHES FOR CHRISTMAS,Fern Michaels,1420136666,0
New American Library,THE WIDOW,Fiona Barton,1101990465,0
Washington Square,A MAN CALLED OVE,Fredrik Backman,1476738025,56
Atria,BEARTOWN,Fredrik Backman,1501160788,1
Washington Square,MY GRANDMOTHER ASKED ME TO TELL YOU SHE'S SORRY,Fredrik Backman,1501115073,3
Kensington Publishing,HOW TO DRIVE A DRAGON CRAZY,G A Aiken,1420131001,0
Atria/Keywords,ADULTOLESCENCE,Gabbie Hanna,1501178326,1
Riverhead,MY ABSOLUTE DARLING,Gabriel Tallent,735211191,1
Algonquin,THE STORIED LIFE OF A. J. FIKRY,Gabrielle Zevin,1616203943,1
Knopf,CITY ON FIRE,Garth Risk Hallberg,385353774,1
HarperCollins Publishers,THE ART OF RACING IN THE RAIN,Garth Stein,61738093,1
Harlequin,BURNING DAWN,Gena Showalter,1460331222,1
Harlequin,THE DARKEST CRAVING,Gena Showalter,1460316495,1
Harlequin,THE DARKEST SEDUCTION,Gena Showalter,1459222830,1
"Little, Brown & Company",WHAT IT WAS,George Pelecanos,316209554,1
Random House,A CLASH OF KINGS,George R R Martin,553897853,0
Random House,A DANCE WITH DRAGONS,George R R Martin,553582011,0
Random House,A FEAST FOR CROWS,George R R Martin,553900323,0
Bantam,A GAME OF THRONES,George R R Martin,553897845,51
Bantam,A GAME OF THRONES: FIVE-BOOK SET,George R R Martin,345535537,0
Bantam,A KNIGHT OF THE SEVEN KINGDOMS,George R R Martin,345533488,0
Random House,LINCOLN IN THE BARDO,George Saunders,812995341,2
Random House Publishing,TENTH OF DECEMBER,George Saunders,812993802,0
Georgia Cates,BEAUTY FROM SURRENDER,Georgia Cates,1628470356,2
Broadway,DARK PLACES,Gillian Flynn,307459926,0
Crown,GONE GIRL,Gillian Flynn,307588386,0
Broadway,SHARP OBJECTS,Gillian Flynn,307341550,0
Threshold Editions,THE EYE OF MOLOCH,Glenn Beck,1451635834,0
Threshold Editions,THE SNOW ANGEL,Glenn Beck,1439187207,1
Simon & Schuster,AGENDA 21,Glenn Beck with Harriet Parke,1476717001,0
Putnam,TOM CLANCY: DUTY AND HONOR,Grant Blackwood,399176802,2
Morrow/HarperCollins,MISSISSIPPI BLOOD,Greg Iles,62311158,3
Morrow/HarperCollins,NATCHEZ BURNING,Greg Iles,62311107,0
HarperCollins Publishers,OUT OF OZ,Gregory Maguire,60548940,0
HarperCollins Publishers,THE NIGHT ETERNAL,Guillermo del Toro and Chuck Hogan,62066048,1
Laree Bailey,DAMAGED,H M Ward,985547324,4
Laree Bailey,DAMAGED 2,H M Ward,985547340,0
Laree Bailey Press,THE ARRANGEMENT 11,H M Ward,1630350028,0
Laree Bailey,THE ARRANGEMENT 13,H M Ward,1630350141,1
H. M. Ward,THE ARRANGEMENT 15,H M Ward,1630350281,1
Laree Bailey,THE ARRANGEMENT 20,H M Ward,1630350745,0
Laree Bailey Press,THE ARRANGEMENT 9: THE FERRO FAMILY,H M Ward,985547367,0
Random House Publishing,SOMETHING WITCHY THIS WAY COMES,H P Mallory,345531590,1
Dutton,DON'T LET GO,Harlan Coben,698411668,4
Dutton,FOOL ME ONCE,Harlan Coben,698404173,6
Dutton,HOME,Harlan Coben,698411447,6
Dutton,MISSING YOU,Harlan Coben,698148630,6
Dutton,THE STRANGER,Harlan Coben,451414136,0
Harper,GO SET A WATCHMAN,Harper Lee,62409875,16
Knopf Doubleday Publishing,1Q84,Haruki Murakami,307593312,0
Knopf,COLORLESS TSUKURU TAZAKI AND HIS YEARS OF PILGRIMAGE,Haruki Murakami,385352107,2
Morrow/HarperCollins,THE GIRL WHO CAME HOME,Hazel Gaynor,62316877,2
Mira,DARKEST JOURNEY,Heather Graham,1460395921,1
Mira,DEADLY FATE,Heather Graham,1460395646,1
Mira,DYING BREATH,Heather Graham,778330222,1
Mira,HAUNTED DESTINY,Heather Graham,1459294149,1
Mira,WICKED DEEDS,Heather Graham,1460398858,1
Helen Cooper,ALPHA BILLIONAIRE 3,Helen Cooper,1940218365,1
Knopf,BRIDGET JONES: MAD ABOUT THE BOY,Helen Fielding,385350872,0
Random House,THE SUMMER BEFORE THE WAR,Helen Simonson,679644644,1
HarperCollins,THE GOLEM AND THE JINNI,Helene Wecker,62110853,1
Knopf Doubleday,THE TROUBLED MAN,Henning Mankell,307593495,1
Henry Holt & Company,BRING UP THE BODIES,Hilary Mantel,805090037,1
Nan A. Talese/Doubleday,NUTSHELL,Ian McEwan,385542070,1
Knopf Doubleday Publishing,SWEET TOOTH,Ian McEwan,385536836,1
Henry Holt,THE NORTH WATER,Ian McGuire,1627795952,1
Avon,BURN FOR ME,Ilona Andrews,62289241,0
Ace,MAGIC BREAKS,Ilona Andrews,698146409,1
Ilona Andrews,ONE FELL SWEEP,Ilona Andrews,1943772711,0
Avon,WHITE HOT,Ilona Andrews,62289268,1
Avon,WILDFIRE,Ilona Andrews,62289284,1
Random House,BEHOLD THE DREAMERS,Imbolo Mbue,525509712,1
St. Martin's Press,BONNIE,Iris Johansen,312651287,0
St. Martin's,EVE,Iris Johansen,1429920165,1
St. Martin's Press,HIDE AWAY,Iris Johansen,1466887206,1
St. Martin's,MIND GAME,Iris Johansen,1466887230,1
St. Martin's,NIGHT AND DAY,Iris Johansen,1466887214,1
St. Martin's,NO EASY TARGET,Iris Johansen,1466887222,1
St. Martin's,SHATTERED MIRROR,Iris Johansen,1466887249,1
St. Martin's,TAKING EVE,Iris Johansen,1250019974,1
St. Martins Press,WHAT DOESN'T KILL YOU,Iris Johansen,1429952938,1
St. Martin's,YOUR NEXT BREATH,Iris Johansen,1250020077,1
St. Martin's,LOOK BEHIND YOU,Iris Johansen and Roy Johansen,1466887346,1
St. Martin's,NIGHT WATCH,Iris Johansen and Roy Johansen,1466887338,1
St. Martin's,SIGHT UNSEEN,Iris Johansen and Roy Johansen,1250020530,1
St. Martin's,THE NAKED EYE,Iris Johansen and Roy Johansen,1250020557,0
Simon & Schuster,WARM BODIES,Isaac Marion,1439192332,0
Atria,THE JAPANESE LOVER,Isabel Allende,1501117009,0
Science Future Press,"THREE, TWO, ONE (321)",J A Huss,1936413787,1
Pocket Star,A LAST GOODBYE,J A Jance,1501103695,0
Touchstone,CLAWBACK,J A Jance,1501110764,1
Morrow/HarperCollins,DANCE OF THE BONES,J A Jance,62297686,1
Touchstone,DEADLY STAKES,J A Jance,1451628706,0
Morrow/HarperCollins,DOWNFALL,J A Jance,62297732,1
HarperCollins Publishers,JUDGMENT CALL,J A Jance,62132385,1
Simon & Schuster,LEFT FOR DEAD,J A Jance,1451628625,1
Touchstone,MAN OVERBOARD,J A Jance,1501110810,1
Morrow,PROOF OF LIFE,J A Jance,62657569,1
Witness Impulse,RANDOM ACTS,J A Jance,62499041,1
Morrow/HarperCollins,SECOND WATCH,J A Jance,62134698,0
Witness Impulse,STAND DOWN,J A Jance,62418483,0
HarperCollins,UNTIL PROVEN GUILTY,J A Jance,61758221,4
Grand Central,THE EDGE OF ALWAYS,J A Redmerski,1455549010,1
Knopf Doubleday,MAINE,J Courtney Sullivan,307596818,0
Berkley,APPRENTICE IN DEATH,J D Robb,1101987995,0
St. Martin's,ECHOES IN DEATH,J D Robb,1250123135,4
Putnam,FESTIVE IN DEATH,J D Robb,1101617276,0
Putnam,OBSESSION IN DEATH,J D Robb,698161440,2
"Little, Brown & Company",THE CASUAL VACANCY,J K Rowling,316228583,0
Bantam,COMPLETE ME,J Kenner,345545850,1
Bantam,TAKE ME,J Kenner,804180423,1
Spencer Hill Contemporary,FRIGID,J Lynn,1939392748,0
Morrow,STAY WITH ME,J Lynn,62294814,0
Morrow,WAIT FOR YOU,J Lynn,62294768,0
Ballantine,THE GIRL BEFORE,J P Delaney,425285057,3
Ballantine,BLOOD VOW,J R Ward,698193288,1
Penguin Group,LOVER UNLEASHED,J R Ward,451233166,0
Ballantine,THE CHOSEN,J R Ward,698192982,1
St. Martin's Press,THE STORY OF SON,J R Ward,1466867833,0
J. S. Cooper,FALLING FOR MY BEST FRIEND'S BROTHER,J S Cooper,1940218381,0
Golden Unicorn Enterprises,BILLIONAIRE UNKNOWN,J S Scott,1939962676,1
Golden Unicorn,THE BILLIONAIRE'S OBSESSION,J S Scott,1939962013,0
Carina Press,JACI BURTON THE KENT BROTHERS TRILOGY,Jaci Burton,1426899351,0
St. Martin's,GODDESS OF VENGEANCE,Jackie Collins,1429962232,1
St. Martin's Press,THE POWER TRIP,Jackie Collins,1250011019,1
St. Martin's,THE SANTANGELOS,Jackie Collins,1466848901,0
Harper,A DANGEROUS PLACE,Jacqueline Winspear,62220578,1
HarperCollins,A LESSON IN SECRETS,Jacqueline Winspear,61727679,0
HarperCollins Publishers,ELEGY FOR EDDIE,Jacqueline Winspear,62049577,0
Harper/HarperCollins,IN THIS GRAVE HOUR,Jacqueline Winspear,62436619,1
Harper/HarperCollins,JOURNEY TO MUNICH,Jacqueline Winspear,62220624,1
Harper,TO DIE BUT ONCE,Jacqueline Winspear,62436651,1
Witness Impulse,THE GIRL IN THE GLASS,James Hayman,62435159,0
Simon & Schuster,CREOLE BELLE,James Lee Burke,1451648154,1
Simon & Schuster,FEAST DAY OF FOOLS,James Lee Burke,1451643144,1
Simon & Schuster,ROBICHEAUX,James Lee Burke,1501176854,1
Simon & Schuster,THE JEALOUS KIND,James Lee Burke,1501107488,1
Simon & Schuster,WAYFARING STRANGER,James Lee Burke,1476710813,1
Del Rey,CATALYST,James Luceno,345511492,1
"Little, Brown","ALEX CROSS, RUN",James Patterson,316097527,0
Grand Central Publishing,CROSS FIRE,James Patterson,446574716,0
"Little, Brown",CROSS JUSTICE,James Patterson,316407143,7
"Little, Brown",CROSS KILL,James Patterson,316317144,0
"Little, Brown",CROSS MY HEART,James Patterson,316210927,7
BookShots,DETECTIVE CROSS,James Patterson,316469742,1
"Little, Brown & Company","MERRY CHRISTMAS, ALEX CROSS",James Patterson,316210692,8
Grand Central,COUNT TO TEN,James Patterson and Ashwin Sanghi,1538759659,1
"Little, Brown",FIFTY FIFTY,James Patterson and Candice Fox,316513229,3
"Little, Brown",NEVER NEVER,James Patterson and Candice Fox,316433179,5
"Little, Brown & Company",GUILTY WIVES,James Patterson and David Ellis,316097578,0
"Little, Brown",MISTRESS,James Patterson and David Ellis,316211060,5
"Little, Brown",THE BLACK BOOK,James Patterson and David Ellis,316464147,6
"Little, Brown",THE MURDER HOUSE,James Patterson and David Ellis,1455589918,0
"Little, Brown",FIRST LOVE,James Patterson and Emily Raymond,316207020,0
BookShots,LITTLE BLACK DRESS,James Patterson and Emily Raymond,316276405,1
"Little, Brown",MURDER GAMES,James Patterson and Howard Roughan,316553476,5
"Little, Brown",SECOND HONEYMOON,James Patterson and Howard Roughan,316211192,0
"Little, Brown",TRUTH OR DIE,James Patterson and Howard Roughan,316408735,0
BookShots,PRIVATE: GOLD,James Patterson and Jassy Mackenzie,316438839,1
"Little, Brown",KILLER CHEF,James Patterson and Jeffrey J Keyes,316361534,1
Grand Central,MISSING,James Patterson and Kathryn Fox,1455568139,3
Grand Central Publishing,PRIVATE LONDON,James Patterson and Mark Pearson,1455515531,0
"Little, Brown & Company",PRIVATE GAMES,James Patterson and Mark Sullivan,316206814,6
"Little, Brown",PRIVATE L.A.,James Patterson and Mark Sullivan,316211117,5
"Little, Brown",PRIVATE PARIS,James Patterson and Mark Sullivan,316408999,4
"Little, Brown & Company",KILL ME IF YOU CAN,James Patterson and Marshall Karp,316097551,7
"Little, Brown & Company",NYPD RED,James Patterson and Marshall Karp,316199893,5
"Little, Brown",NYPD RED 2,James Patterson and Marshall Karp,316211249,6
"Little, Brown",NYPD RED 3,James Patterson and Marshall Karp,316284564,0
"Little, Brown",NYPD RED 4,James Patterson and Marshall Karp,316288721,0
"Little, Brown",RED ALERT,James Patterson and Marshall Karp,316395587,4
"Little, Brown",10TH ANNIVERSARY,James Patterson and Maxine Paetro,316126942,0
"Little, Brown & Company",11TH HOUR,James Patterson and Maxine Paetro,316097489,0
"Little, Brown",14TH DEADLY SIN,James Patterson and Maxine Paetro,1455584983,0
"Little, Brown",PRIVATE VEGAS,James Patterson and Maxine Paetro,316211141,0
Grand Central Publishing,PRIVATE: #1 SUSPECT,James Patterson and Maxine Paetro,316097411,0
"Little, Brown",THE 17TH SUSPECT,James Patterson and Maxine Paetro,316274046,4
Grand Central,THE 9TH JUDGMENT,James Patterson and Maxine Paetro,446565504,0
"Little, Brown",UNLUCKY 13,James Patterson and Maxine Paetro,316211281,7
"Little, Brown",ALERT,James Patterson and Michael Ledwidge,316407186,4
"Little, Brown",BULLSEYE,James Patterson and Michael Ledwidge,1455585300,5
"Little, Brown",BURN,James Patterson and Michael Ledwidge,316211028,0
"Little, Brown & Company","I, MICHAEL BENNETT",James Patterson and Michael Ledwidge,316097470,0
"Little, Brown",TICK TOCK,James Patterson and Michael Ledwidge,316129186,0
"Little, Brown",ZOO,James Patterson and Michael Ledwidge,316097438,0
"Little, Brown",TOYS,James Patterson and Neil McMahon,316097373,4
Grand Central,THE MOORES ARE MISSING,James Patterson and others,1478971630,1
Grand Central,PRINCESS,James Patterson and Rees Jones,1538714450,1
"Little, Brown",THE STORE,James Patterson and Richard DiLallo,316395455,3
BookShots,113 MINUTES,James Patterson with Max DiLallo,316361526,1
"Little, Brown",ZOO 2,James Patterson with Max DiLallo,316317128,2
BookShots,THE MEDICAL EXAMINER,James Patterson with Maxine Paetro,316504831,1
BookShots,THE TRIAL,James Patterson with Maxine Paetro,316360597,0
"Little, Brown",THE CHRISTMAS MYSTERY,James Patterson with Richard DiLallo,316319996,0
HarperCollins Publishers,BLOODLINE,James Rollins,62194909,0
Morrow/HarperCollins,THE 6TH EXTINCTION,James Rollins,62194925,0
Morrow/HarperCollins,THE BONE LABYRINTH,James Rollins,62381636,1
Morrow/HarperCollins,THE EYE OF GOD,James Rollins,62194917,1
Morrow/HarperCollins,THE SEVENTH PLAGUE,James Rollins,62381709,1
Morrow/HarperCollins,THE KILL SWITCH,James Rollins and Grant Blackwood,62135287,1
Morrow,WAR HAWK,James Rollins and Grant Blackwood,62135309,0
Morrow/HarperCollins,BLOOD INFERNAL,James Rollins and Rebecca Cantrell,62343289,0
HarperCollins Publishers,THE BLOOD GOSPEL,James Rollins and Rebecca Cantrell,62235753,0
Orbit,BABYLON'S ASHES,James S A Corey,316217638,0
Orbit,PERSEPOLIS RISING,James S A Corey,316332828,1
Atria,SURVIVORS,"James Wesley, Rawles",1439172803,1
Random House,HOTEL ON THE CORNER OF BITTER AND SWEET,Jamie Ford,345512502,1
Atria,A BEAUTIFUL WEDDING,Jamie McGuire,1476759553,1
Simon & Schuster,BEAUTIFUL DISASTER,Jamie McGuire,1476712050,0
Atria,BEAUTIFUL OBLIVION,Jamie McGuire,1476759596,1
Simon & Schuster,WALKING DISASTER,Jamie McGuire,1476712999,2
Putnam,COME RAIN OR COME SHINE,Jan Karon,399167455,0
Putnam,SOMEWHERE SAFE WITH SOMEBODY GOOD,Jan Karon,399167447,4
Putnam,TO BE WHERE YOU ARE,Jan Karon,399183736,1
Rutherford,TRUST,Jana Aston,998244414,0
St. Martin's,SUMMER SECRETS,Jane Green,1466847743,0
St. Martin's,TEMPTING FATE,Jane Green,1466842032,1
Bantam,DANGEROUS MINDS,Janet Evanovich,553392751,1
Random House Publishing,EXPLOSIVE EIGHTEEN,Janet Evanovich,345527739,0
Putnam,HARDCORE TWENTY-FOUR,Janet Evanovich,399179194,6
Random House Publishing,NOTORIOUS NINETEEN,Janet Evanovich,345527755,0
Simon & Schuster,ONE FOR THE MONEY,Janet Evanovich,684867311,2
St. Martin's,SIZZLING SIXTEEN,Janet Evanovich,312383312,0
Random House Publishing,SMOKIN SEVENTEEN,Janet Evanovich,345527704,8
Bantam,TAKEDOWN TWENTY,Janet Evanovich,345542908,0
Bantam,TOP SECRET TWENTY-ONE,Janet Evanovich,345542932,0
Bantam,TRICKY TWENTY-TWO,Janet Evanovich,345542975,0
Bantam,TURBO TWENTY-THREE,Janet Evanovich,345543017,8
St. Martin's,WICKED APPETITE,Janet Evanovich,312383355,0
St. Martins Press,LOVE IN A NUTSHELL,Janet Evanovich and Dorien Kelly,1429952512,0
Bantam,THE HEIST,Janet Evanovich and Lee Goldberg,345543068,0
Bantam,THE PURSUIT,Janet Evanovich and Lee Goldberg,553392786,1
Bantam,THE SCAM,Janet Evanovich and Lee Goldberg,345543181,0
Bantam,CURIOUS MINDS,Janet Evanovich and Phoef Sutton,553392697,3
Bantam,WICKED CHARMS,Janet Evanovich and Phoef Sutton,553392727,1
Del Rey,STAR WARS: THE LAST JEDI,Jason Fry,1524797111,1
Scribner,PALACE OF TREASON,Jason Matthews,1476793751,0
Scribner,THE KREMLIN'S CANDIDATE,Jason Matthews,1501140108,1
Morrow/HarperCollins,ASA,Jay Crownover,62333089,1
Morrow/HarperCollins,ROME,Jay Crownover,62302396,1
Berkley,PROMISE NOT TO TELL,Jayne Ann Krentz,399585265,1
Putnam,TRUST NO ONE,Jayne Ann Krentz,1101621001,1
Jove,THE HOT ZONE,Jayne Castle,698140958,1
Grand Central Publishing,ADMISSION,Jean Hanff Korelitz,446557633,1
Grand Central,YOU SHOULD HAVE KNOWN,Jean Hanff Korelitz,1455599506,1
Crown,THE LAND OF PAINTED CAVES,Jean M Auel,517580519,5
Avon/HarperCollins,BOUND BY FLAMES,Jeaniene Frost,62075829,1
Avon,INTO THE FIRE,Jeaniene Frost,62075853,1
HarperCollins Publishers,ONCE BURNED,Jeaniene Frost,62096273,1
HarperCollins,THIS SIDE OF THE GRAVE,Jeaniene Frost,62065793,1
HarperCollins Publishers,TWICE TEMPTED,Jeaniene Frost,62075837,1
ePublishing Works!,LEXIE STARR COZY MYSTERIES BOXED SET,Jeanne Glidewell,1614177821,0
Simon & Schuster,CARTE BLANCHE,Jeffery Deaver,1451620691,0
Grand Central,THE BURIAL HOUR,Jeffery Deaver,1455536393,1
Grand Central,THE CUTTING EDGE,Jeffery Deaver,1455536415,1
Grand Central,THE KILL ROOM,Jeffery Deaver,1455517070,0
Grand Central,THE OCTOBER LIST,Jeffery Deaver,1455576662,1
Grand Central,THE SKIN COLLECTOR,Jeffery Deaver,1455517119,0
Grand Central,THE STEEL KISS,Jeffery Deaver,1455536369,2
St. Martin's Press,A MATTER OF HONOR,Jeffrey Archer,1429954027,0
St. Martin's,COMETH THE HOUR,Jeffrey Archer,1466867507,0
St. Martin's Press,MIGHTIER THAN THE SWORD,Jeffrey Archer,1250034507,1
St. Martin's,THE SINS OF THE FATHER,Jeffrey Archer,1429949031,1
St. Martin's,THIS WAS A MAN,Jeffrey Archer,1466867515,1
"Farrar, Straus & Giroux",THE MARRIAGE PLOT,Jeffrey Eugenides,1429969180,0
JA / AG Publishing,BAD WOLF,Jennifer Ashley,1941229654,0
Knopf Doubleday,A VISIT FROM THE GOON SQUAD,Jennifer Egan,307477479,0
Scribner,MANHATTAN BEACH,Jennifer Egan,1476716757,3
HarperCollins Publishers,ISLAND OF LOST GIRLS,Jennifer McMahon,61807583,1
Simon & Schuster,THE MARRIAGE MISTAKE,Jennifer Probst,1476717532,1
Atria,ALL FALL DOWN,Jennifer Weiner,1451617801,0
Atria Books,THE NEXT BEST THING,Jennifer Weiner,1451617771,0
Simon & Schuster,THEN CAME YOU,Jennifer Weiner,1451617747,0
Atria,WHO DO YOU LOVE,Jennifer Weiner,1451617836,3
Scribner,"SING, UNBURIED, SING",Jesmyn Ward,1501126067,1
Simon & Schuster,LUCKIEST GIRL ALIVE,Jessica Knoll,1476789657,0
Forever,BREAKING NOVA,Jessica Sorensen,1455582727,0
Grand Central,THE TEMPTATION OF LILA AND ETHAN,Jessica Sorensen,1455574902,1
ERH Press,PROMISE OF FOREVER,Jessica Wood,1940285127,0
Knopf,THE LOWLAND,Jhumpa Lahiri,385350406,0
Avon,ABOUT THAT KISS,Jill Shalvis,62741810,1
Avon,ACCIDENTALLY ON PURPOSE,Jill Shalvis,62448072,1
Grand Central Publishing,FOREVER AND A DAY,Jill Shalvis,1455503703,0
Grand Central,IT'S IN HIS KISS,Jill Shalvis,1455529516,0
Grand Central,ONCE IN A LIFETIME,Jill Shalvis,1455521140,1
Grand Central Publishing,SIMPLY IRRESISTIBLE,Jill Shalvis,446576468,2
Avon,THE TROUBLE WITH MISTLETOE,Jill Shalvis,62448056,0
Penguin Group,COLD DAYS,Jim Butcher,451464400,0
ROC,THE AERONAUT'S WINDLASS,Jim Butcher,698138007,1
Vintage Crime/Black Lizard,COCKROACHES,Jo Nesbo,345807162,1
Knopf,POLICE,Jo Nesbo,307960501,1
Vintage,THE SNOWMAN,Jo Nesbo,525435921,3
Knopf,THE THIRST,Jo Nesbo,385352174,1
Kensington,BANANA CREAM PIE MURDER,Joanne Fluke,1617732214,1
Kensington,BLACKBERRY PIE MURDER,Joanne Fluke,758280394,1
Kensington,CHRISTMAS CARAMEL MURDER,Joanne Fluke,161773229X,1
Kensington,RASPBERRY DANISH MURDER,Joanne Fluke,1617732257,1
Kensington,WEDDING CAKE MURDER,Joanne Fluke,1617732176,1
Forever/Grand Central,ONE NIGHT: UNVEILED,Jodi Ellen Malpas,1455559385,1
Grand Central,THIS MAN CONFESSED,Jodi Ellen Malpas,1455578355,1
Ballantine,LEAVING TIME,Jodi Picoult,345544943,0
Atria Books,LONE WOLF,Jodi Picoult,1439149690,0
Simon & Schuster,SING YOU HOME,Jodi Picoult,1439102724,6
HarperCollins,THE PACT,Jodi Picoult,61980242,0
Emily Bestler/Atria,THE STORYTELLER,Jodi Picoult,1439149704,0
Morrow,NOS4A2,Joe Hill,62200593,0
Morrow/HarperCollins,THE FIREMAN,Joe Hill,62200631,0
Tyndale House Publishers,DAMASCUS COUNTDOWN,Joel C Rosenberg,1414381859,1
Tyndale House,THE TEHRAN INITIATIVE,Joel C Rosenberg,1414365365,1
Gallery,STORMY PERSUASION,Johanna Lindsey,1476714312,0
Knopf Doubleday Publishing,CALICO JOE,John Grisham,385536089,0
Doubleday,CAMINO ISLAND,John Grisham,1524797154,23
Doubleday,GRAY MOUNTAIN,John Grisham,345543254,0
Doubleday,PARTNERS,John Grisham,385541929,0
Doubleday,ROGUE LAWYER,John Grisham,553393480,0
Doubleday,SYCAMORE ROW,John Grisham,345543246,0
Knopf Doubleday,THE CONFESSION,John Grisham,440245117,10
Doubleday,THE RACKETEER,John Grisham,345530578,0
Doubleday,THE ROOSTER BAR,John Grisham,385541171,14
Doubleday,THE WHISTLER,John Grisham,1101967684,25
HarperCollins,A PRAYER FOR OWEN MEANY,John Irving,62204106,1
Simon & Schuster,AVENUE OF MYSTERIES,John Irving,1451664168,1
HarperCollins Publishers,THE CIDER HOUSE RULES,John Irving,62235184,0
Viking,A DELICATE TRUTH,John le Carre,670014893,1
Viking,A LEGACY OF SPIES,John le Carre,735225117,3
Atria,THE KEEPER,John Lescroart,1476709203,1
Putnam,DEEP FREEZE,John Sandford,698407113,4
Putnam,GOLDEN PREY,John Sandford,1101988843,6
Putnam,SATURN RUN,John Sandford and Ctein,698411676,1
Pamela Dorman/Viking,AFTER YOU,Jojo Moyes,143108867,0
Penguin,ME BEFORE YOU,Jojo Moyes,143130153,0
Pamela Dorman/Viking,STILL ME,Jojo Moyes,399562478,5
"Farrar, Straus & Giroux",PURITY,Jonathan Franzen,374239215,2
Ballatine,BREAKDOWN,Jonathan Kellerman,345541413,0
Random House Publishing,GUILT,Jonathan Kellerman,345538811,2
Ballantine,HEARTBREAK HOTEL,Jonathan Kellerman,345541448,2
Ballantine,KILLER,Jonathan Kellerman,345548418,4
Random House,MYSTERY,Jonathan Kellerman,345524381,0
Ballantine,NIGHT MOVES,Jonathan Kellerman,345541472,2
Random House Publishing,VICTIMS,Jonathan Kellerman,345532171,0
Ballantine,CRIME SCENE,Jonathan Kellerman and Jesse Kellerman,399594612,1
Houghton Mifflin Harcourt,EXTREMELY LOUD AND INCREDIBLY CLOSE,Jonathan Safran Foer,547416210,0
"Farrar, Straus & Giroux",HERE I AM,Jonathan Safran Foer,374280029,1
Harper Perennial/HarperCollins,WELCOME TO NIGHT VALE,Joseph Fink and Jeffrey Cranor,62351427,1
HarperCollins,LABOR DAY,Joyce Maynard,61957658,3
Ballantine,BLOOD FURY,JR Ward,698193326,1
Ballantine,DEAREST IVIE,JR Ward,525620923,1
JMC Creations,FOUR WEEK FIANCE,JS Cooper,1940218403,1
J.S. Cooper,ONE NIGHT STAND,JS Cooper and Helen Cooper,1940218330,0
Golden Unicorn,BEYOND DESIRE COLLECTION,"JS Scott, M Malone and others",1939962447,1
Ballantine,EVER AFTER,Jude Deveraux,345541863,1
Ballantine,FOR ALL TIME,Jude Deveraux,345541839,0
Knopf,IN THE UNLIKELY EVENT,Judy Blume,1101875054,0
HarperCollins Publishers,A NIGHT LIKE THIS,Julia Quinn,62072919,1
Avon,BECAUSE OF MISS BRIDGERTON,Julia Quinn,62388150,0
HarperCollins,JUST LIKE HEAVEN,Julia Quinn,62079530,1
Avon,THE GIRL WITH THE MAKE-BELIEVE HUSBAND,Julia Quinn,62388185,1
HarperCollins,THE SUM OF ALL KISSES,Julia Quinn,62072935,1
Knopf Doubleday Publishing,THE SENSE OF AN ENDING,Julian Barnes,307957330,1
Penguin Group,THIS IS HOW YOU LOSE HER,Junot Diaz,1594487367,1
Penguin Group,THIS IS HOW YOU LOSE HER,Junot Diaz,1594487367,1
Ballantine,THE CITY OF MIRRORS,Justin Cronin,804177643,2
Random House Publishing,THE TWELVE,Justin Cronin,345534891,1
JKB,CRASHED,K Bromberg,989450244,1
JKB,SWEET CHEEKS,K Bromberg,1942832036,0
Ballantine,NEED TO KNOW,Karen Cleveland,1524797030,1
Howard Books,A BAXTER FAMILY CHRISTMAS,Karen Kingsbury,1451687567,1
Howard Books,A BRUSH OF WINGS,Karen Kingsbury,1451687540,1
Center Street,A THOUSAND TOMORROWS,Karen Kingsbury,1599951193,1
Zondervan,COMING HOME,Karen Kingsbury,310333644,1
Howard Books,IN THIS MOMENT,Karen Kingsbury,1451687621,1
Zondervan,LEAVING,Karen Kingsbury,310266289,1
Howard,LOVE STORY,Karen Kingsbury,1451687591,1
Zondervan,LOVING,Karen Kingsbury,310427592,1
Howard Books,THE BRIDGE,Karen Kingsbury,1451647026,1
Howard Books,THE CHANCE,Karen Kingsbury,1451647042,1
Delacorte,BURNED,Karen Marie Moning,440339812,1
Delacorte,FEVERBORN,Karen Marie Moning,440339820,1
Delacorte,FEVERSONG,Karen Marie Moning,425284360,1
Delacorte,HIGH VOLTAGE,Karen Marie Moning,399593675,1
Random House Publishing,THE AGE OF MIRACLES,Karen Thompson Walker,679644385,0
Random House Publishing,CRIMINAL,Karin Slaughter,345528514,0
Random House,FALLEN,Karin Slaughter,345528220,1
Random House Publishing,SNATCHED,Karin Slaughter,345538161,0
Morrow,THE GOOD DAUGHTER,Karin Slaughter,62430262,2
Morrow/HarperCollins,THE KEPT WOMAN,Karin Slaughter,62430238,0
Zebra,BEYOND DANGER,Kat Martin,1420143174,1
Zebra,INTO THE FIRESTORM,Kat Martin,1420139053,1
Zebra,INTO THE FURY,Kat Martin,1420139010,0
Zebra,INTO THE WHIRLWIND,Kat Martin,1420139037,1
"Little, Brown",LIFE AFTER LIFE,Kate Atkinson,316230804,0
Atria,THE LAKE HOUSE,Kate Morton,1451649371,1
Morrow,THE ALICE NETWORK,Kate Quinn,62654209,1
Kathleen Brooks,SECRETS COLLIDE,Kathleen Brooks,988210886,0
Touchstone,THE KITCHEN HOUSE,Kathleen Grissom,1439160120,1
Penguin Group,THE HELP,Kathryn Stockett,1440697663,58
Scribner,BONES ARE FOREVER,Kathy Reichs,1439112827,2
Simon & Schuster,FLASH AND BONES,Kathy Reichs,1439112800,0
Bantam,SPEAKING IN BONES,Kathy Reichs,345544056,1
Random House Publishing Group,TWO NIGHTS,Kathy Reichs,345544080,1
Simon & Schuster,MANWHORE,Katy Evans,1501101560,1
Gallery,MANWHORE +1,Katy Evans,1501101579,0
KT Publishing,MR. PRESIDENT,Katy Evans,997263636,0
Dutton,EDGE OF ETERNITY,Ken Follett,525953094,0
Penguin Group,WINTER OF THE WORLD,Ken Follett,525952926,0
HarperCollins Publishers,WANTED: UNDEAD OR ALIVE,Kerrelyn Sparks,62096605,0
Del Rey,SCOURGED,Kevin Hearne,345548558,1
Del Rey,SHATTERED,Kevin Hearne,345548493,1
Del Rey,STAKED,Kevin Hearne,345548523,1
Random House Publishing,TRAPPED,Kevin Hearne,345535626,0
Random House Publishing,TRICKED,Kevin Hearne,345534638,0
Anchor,CRAZY RICH ASIANS,Kevin Kwan,345803787,1
HarperCollins Publishers,A PERFECT BLOOD,Kim Harrison,62101021,1
HarperCollins,PALE DEMON,Kim Harrison,61138061,1
HarperVoyager,THE UNDEAD POOL,Kim Harrison,62300156,1
Morrow/HarperCollins,ORPHAN #8,Kim van Alkemade,62338315,1
Gallery,DARK SKYE,Kresley Cole,1451649967,1
Simon & Schuster,DREAMS OF A DARK WARRIOR,Kresley Cole,1439136807,0
Simon & Schuster,LOTHAIRE,Kresley Cole,1439177023,1
Gallery Books,MACRIEVE,Kresley Cole,1476713359,1
Valkyrie,SHADOW'S SEDUCTION,Kresley Cole,997215186,1
Gallery,SWEET RUIN,Kresley Cole,1451650043,0
Gallery,THE MASTER,Kresley Cole,1451650108,0
Valkyrie Press,THE PLAYER,Kresley Cole,997215100,1
Gallery Books,WICKED ABYSS,Kresley Cole,1501120565,1
HQN,ANYTHING FOR YOU,Kristan Higgins,1460391896,1
Harlequin,IN YOUR DREAMS,Kristan Higgins,1460340248,1
Forever,WALK THROUGH FIRE,Kristen Ashley,1455533246,1
Ampersand,BREATHE WITH ME,Kristen Pro,1633500012,0
Morrow/HarperCollins,CLOSE TO YOU,Kristen Pro,62434780,1
Ampersand,EASY LOVE,Kristen Pro,1633500047,0
Ampersand,EASY MAGIC,Kristen Pro,1633500233,1
Morrow/HarperCollins,LISTEN TO ME,Kristen Pro,62434772,1
Ballantine,ANGEL FALLS,Kristin Hannah,307756963,1
Ballantine,BETWEEN SISTERS,Kristin Hannah,345464249,1
Ballantine,DISTANT SHORES,Kristin Hannah,345459504,1
St. Martins Press,HOME FRONT,Kristin Hannah,1429942215,0
St. Martins Press,NIGHT ROAD,Kristin Hannah,312364431,2
Ballantine,SUMMER ISLAND,Kristin Hannah,345459520,1
St. Martin's,THE NIGHTINGALE,Kristin Hannah,1466850604,63
St. Martins,WINTER GARDEN,Kristin Hannah,312663153,0
Atria/Emily Bestler,ENEMY OF THE STATE,Kyle Mills,1476783543,4
Emily Bestler/Atria,VINCE FLYNN: ORDER TO KILL,Kyle Mills,1476783489,0
St. Martin's Griffin,DEEP,Kylie Scott,1466854227,1
St. Martin's Griffin,DIRTY,Kylie Scott,1250083273,1
Simon & Schuster,THE STRANGER,Kyra Davis,1476711100,3
Random House Publishing,DARKER AFTER MIDNIGHT,Lara Adrian,345529294,1
Random House Publishing,EDGE OF DAWN,Lara Adrian,345532619,0
Grand Central Publishing,LETHAL RIDER,Larissa Ione,1455511153,0
Pocket Books,DEEP DARK,Laura Griffin,1476779287,1
Avon,HARD AS YOU CAN,Laura Kaye,62267914,0
Morrow,WHAT THE DEAD KNOW,Laura Lippman,61796786,0
Ellora's Cave,DARKNESS,Laurann Dohner,1419993186,1
Laurelin Paige,THE FIXED TRILOGY,Laurelin Paige,991379640,0
Berkley,A SHIVER OF LIGHT,Laurell K Hamilton,698146638,1
Berkley,DEAD ICE,Laurell K Hamilton,698140303,1
Penguin Group,HIT LIST,Laurell K Hamilton,425241130,1
Riverhead,FATES AND FURIES,Lauren Groff,1594634475,0
Simon & Schuster,REVENGE WEARS PRADA,Lauren Weisberger,1439146950,0
Bantam,THE MURDER OF MARY RUSSELL,Laurie R King,804177910,0
Dell,A WANTED MAN,Lee Child,440246318,6
Touchstone,INHERIT THE DEAD,Lee Child,1451684789,0
Delacorte,MAKE ME,Lee Child,804178798,0
Delacorte,NEVER GO BACK,Lee Child,440246326,8
Delacorte,NIGHT SCHOOL,Lee Child,804178828,11
Delacorte,NO MIDDLE NAME,Lee Child,399593594,6
Delacorte,NOT A DRILL,Lee Child,804178836,0
Delacorte,PERSONAL,Lee Child,804178755,9
Dell,THE HARD WAY,Lee Child,440336058,1
Delacorte,THE MIDNIGHT LINE,Lee Child,399593500,14
Delacorte,WORTH DYING FOR,Lee Child,440339340,1
Soho Press,THE BOY IN THE SUITCASE,Lene Kaaberbol,1569479828,4
Viking,THE MAGICIAN'S LAND,Lev Grossman,1101633530,1
DLZ Entertainment,DOMINANCE NEVER DIES,Lexi Blake,1937608514,0
DLZ Entertainment,FROM SANCTUM WITH LOVE,Lexi Blake,1937608492,0
DLZ Entertainment,SUBMISSION IS NOT ENOUGH,Lexi Blake,1937608530,1
Berkley,BIG LITTLE LIES,Liane Moriarty,425274861,38
Harper Perennial,THE LAST ANNIVERSARY,Liane Moriarty,62008676,0
Flatiron,TRULY MADLY GUILTY,Liane Moriarty,1250069815,9
Liliana Hart,CRAVE,Liliana Hart,1940499194,0
Knopf Doubleday Publishing Group,DEEP STORM,Lincoln Child,307387682,0
Doubleday,FULL WOLF MOON,Lincoln Child,385531435,1
Doubleday,THE FORGOTTEN ROOM,Lincoln Child,385531419,1
Anchor,THE THIRD GATE,Lincoln Child,385531397,2
Minotaur,AMONG THE WICKED,Linda Castillo,1466867272,1
Penguin Group,SILENT MERCY,Linda Fairstein,525952020,0
Random House,PREY,Linda Howard,345526295,1
Morrow,TROUBLEMAKER,Linda Howard,62419005,1
Harlequin,A CREED IN STONE CREEK,Linda Lael Miller,373775555,2
HQN,ALWAYS A COWBOY,Linda Lael Miller,1460394135,1
Harlequin,BIG SKY COUNTRY,Linda Lael Miller,1459230043,1
Harlequin,BIG SKY SECRETS,Linda Lael Miller,1460323769,1
Harlequin,BIG SKY WEDDING,Linda Lael Miller,1460318064,1
Harlequin,CREED'S HONOR,Linda Lael Miller,373775806,1
HQN,ONCE A RANCHER,Linda Lael Miller,1459292529,1
Harlequin,THE CREED LEGACY,Linda Lael Miller,373776004,0
Harlequin HQN,THE MARRIAGE PACT,Linda Lael Miller,1460332962,0
Harlequin,THE MARRIAGE SEASON,Linda Lael Miller,1460381807,1
Random House,ALONE,Lisa Gardner,553901133,4
Dutton,LOOK FOR ME,Lisa Gardner,1524742066,3
Random House,LOVE YOU MORE,Lisa Gardner,553908111,5
Dutton,RIGHT BEHIND YOU,Lisa Gardner,698411439,4
Bantam,THE PERFECT HUSBAND,Lisa Gardner,553900862,0
Pocket,STILL ALICE,Lisa Genova,1439157030,0
Kensington,CLOSE TO HOME,Lisa Jackson,1617735183,1
Zebra,EXPECTING TO DIE,Lisa Jackson,1420136070,3
Zebra,LEFT TO DIE,Lisa Jackson,1420106341,1
Zebra/Mulholland,NEVER DIE ALONE,Lisa Jackson,1420136062,1
Zebra,REVENGE,Lisa Jackson,1420136046,0
Zebra,RUTHLESS,Lisa Jackson,1420146408,1
Kensington Publishing,YOU DONT WANT TO KNOW,Lisa Jackson,758279590,1
Kensington Publishing,YOU DONT WANT TO KNOW,Lisa Jackson,758279590,1
Zebra,ONE LAST BREATH,Lisa Jackson and Nancy Bush,1420136135,2
Zebra,OMINOUS,"Lisa Jackson, Nancy Bush and Rosalind Noonan",1420137891,1
Atria Books,THE HOUSE WE GREW UP IN,Lisa Jewell,1476703019,1
Atria,THEN SHE WAS GONE,Lisa Jewell,1501154664,1
Avon,DEVIL IN SPRING,Lisa Kleypas,62371908,1
St. Martin's Press,DREAM LAKE,Lisa Kleypas,1250014271,1
Avon,HELLO STRANGER,Lisa Kleypas,62371894,1
Avon,MARRYING WINTERBORNE,Lisa Kleypas,62371851,0
St. Martins Press,RAINSHADOW ROAD,Lisa Kleypas,1429938374,1
Simon & Schuster,THE SPELLMAN FILES,Lisa Lutz,1416539204,0
Gallery,REVEALING US,Lisa Renee Jones,1476727244,0
St. Martin's,AFTER ANNA,Lisa Scottoline,1250099676,3
St. Martin's,BETRAYED,Lisa Scottoline,1250027683,1
St. Martins Press,COME HOME,Lisa Scottoline,1429942320,1
St. Martin's,CORRUPTED,Lisa Scottoline,1250027942,1
HarperCollins,DADDY'S GIRL,Lisa Scottoline,61797766,1
St. Martin's,DAMAGED,Lisa Scottoline,1250099633,1
St. Martin's,EXPOSED,Lisa Scottoline,1250099730,1
St. Martin's,KEEP QUIET,Lisa Scottoline,1466842040,2
St. Martin's,MOST WANTED,Lisa Scottoline,1250088127,1
St. Martin's,ONE PERFECT LIE,Lisa Scottoline,1250099587,2
St. Martins,SAVE ME,Lisa Scottoline,1429959797,0
Random House,DREAMS OF JOY,Lisa See,679604898,0
Ballantine,BEFORE WE WERE YOURS,Lisa Wingate,425284697,35
St. Martins,LIVE WIRE,Lora Leigh,1429985356,1
Revell,DYING TO READ,Lorena McCourtney,1441238220,0
HarperCollins,LORD OF SCOUNDRELS,Loretta Chase,61753815,0
Harlequin,A PERFECT STORM,Lori Foster,1459225651,1
Harlequin HQN,DASH OF PERIL,Lori Foster,1460328639,0
HQN,FIGHTING DIRTY,Lori Foster,1459292413,1
Harlequin HQN,GETTING ROWDY,Lori Foster,1460319559,0
HQN,TOUGH LOVE,Lori Foster,1460384067,0
Harper,LAROSE,Louise Erdrich,62277022,0
HarperCollins Publishers,THE ROUND HOUSE,Louise Erdrich,62065246,0
Minotaur,A GREAT RECKONING,Louise Penny,1250022126,0
Minotaur,GLASS HOUSES,Louise Penny,1250066190,2
Minotaur,HOW THE LIGHT GETS IN,Louise Penny,1466834706,1
Minotaur,STILL LIFE,Louise Penny,1429967234,1
St. Martin's Press,THE BEAUTIFUL MYSTERY,Louise Penny,1250015278,1
Minotaur,THE NATURE OF THE BEAST,Louise Penny,1250022096,1
Oak Press,FOUR WEDDINGS AND A FIASCO BOXED SET,Lucy Kevin,1938127250,0
Avon,FALLING FOR THE HIGHLANDER,Lynsay Sands,62273620,1
HarperCollins Publishers,IMMORTAL EVER AFTER,Lynsay Sands,62078127,1
Avon/HarperCollins,IMMORTAL NIGHTS,Lynsay Sands,62316079,1
Avon,IMMORTAL UNCHAINED,Lynsay Sands,62468855,1
Avon,IMMORTALLY YOURS,Lynsay Sands,62468863,1
Avon,RUNAWAY VAMPIRE,Lynsay Sands,62316052,1
Avon,TWICE BITTEN,Lynsay Sands,62468871,1
HarperCollins Publishers,UNDER A VAMPIRE MOON,Lynsay Sands,62119370,1
Avon/HarperCollins,VAMPIRE MOST WANTED,Lynsay Sands,62078097,1
Scribner,THE LIGHT BETWEEN OCEANS,M L Stedman,1451681763,0
HTJB,VIRTUOUS,M S Force,1942295081,0
"Little, Brown",CIRCE,Madeline Miller,316556343,1
Knopf Doubleday,MINDING FRANKIE,Maeve Binchy,307595161,0
Putnam,TOM CLANCY POWER AND EMPIRE,Marc Cameron,735215898,4
"Little, Brown",TODAY WILL BE DIFFERENT,Maria Semple,316403431,0
HTJB,DESIRE AFTER DARK,Marie Force,1942295502,0
HQN,FATAL CHAOS,Marie Force,1488079021,1
HQN,FATAL IDENTITY,Marie Force,1459294920,1
Harlequin,FATAL SCANDAL,Marie Force,1426898762,1
HQN,FATAL THREAT,Marie Force,1460399986,1
HTJB,LIGHT AFTER DARK,Marie Force,1946136034,0
HTJB,LOVE AFTER DARK,Marie Force,1942295332,1
HTJB,SEX MACHINE,Marie Force,1942295839,0
Marie Force,WAITING FOR LOVE,Marie Force,985034157,1
"Farrar, Straus & Giroux",LILA,Marilynne Robinson,374187614,0
Random House,NIGHT FILM,Marisha Pessl,679643915,1
Flatiron,THE SECRET HISTORY OF TWIN PEAKS,Mark Frost,1250075580,0
Flatiron Books,TWIN PEAKS: THE FINAL DOSSIER,Mark Frost,1250163307,1
Berkley,GUNMETAL GRAY,Mark Greaney,698406850,1
Putnam,TOM CLANCY FULL FORCE AND EFFECT,Mark Greaney,399173358,4
Putnam,TOM CLANCY: COMMANDER IN CHIEF,Mark Greaney,698410610,0
Mariner,WINTER'S TALE,Mark Helprin,547543867,0
Ballantine,LILAC GIRLS,Martha Hall Kelly,1101883081,20
Simon & Schuster,TATIANA,Martin Cruz Smith,1439153183,0
Gallery Books,BEACH HOUSE FOR RENT,Mary Alice Monroe,1501125516,1
Gallery,BEACH HOUSE REUNION,Mary Alice Monroe,1501193317,1
Dial Press,THE GUERNSEY LITERARY AND POTATO PEEL PIE SOCIETY,Mary Ann Shaffer and Annie Barrows,440337976,0
Signet,ONLY A KISS,Mary Balogh,698156102,1
Signet,ONLY BELOVED,Mary Balogh,698411323,1
Signet,ONLY ENCHANTING,Mary Balogh,698156080,1
Berkley,SOMEONE TO CARE,Mary Balogh,399586091,1
Jove,SOMEONE TO HOLD,Mary Balogh,698411390,1
Signet,SOMEONE TO LOVE,Mary Balogh,451477790,1
Berkley,SOMEONE TO WED,Mary Balogh,399586075,1
Simon & Schuster,"ALL BY MYSELF, ALONE",Mary Higgins Clark,1501131125,4
Simon & Schuster,AS TIME GOES BY,Mary Higgins Clark,1501130447,0
Simon & Schuster,DADDY'S GONE A HUNTING,Mary Higgins Clark,1451668961,0
Simon & Schuster,ILL WALK ALONE,Mary Higgins Clark,1439180962,5
Simon & Schuster,I'VE GOT MY EYES ON YOU,Mary Higgins Clark,1501171690,4
Simon & Schuster,I'VE GOT YOU UNDER MY SKIN,Mary Higgins Clark,1476749108,0
Simon & Schuster,THE LOST YEARS,Mary Higgins Clark,1451668937,0
Simon & Schuster,THE MELODY LINGERS ON,Mary Higgins Clark,1476749132,0
Simon & Schuster,THE SHADOW OF YOUR SMILE,Mary Higgins Clark,1439180989,0
Simon & Schuster,ALL DRESSED IN WHITE,Mary Higgins Clark and Alafair Burke,1501108557,2
Simon & Schuster,EVERY BREATH YOU TAKE,Mary Higgins Clark and Alafair Burke,150117164,2
Simon & Schuster,THE CINDERELLA MURDER,Mary Higgins Clark and Alafair Burke,1476763127,0
Simon & Schuster,THE SLEEPING BEAUTY KILLER,Mary Higgins Clark and Alafair Burke,1501108581,0
St. Martins Press,SPRING FEVER,Mary Kay Andrews,1466802634,1
St. Martin's,THE HIGH TIDE CLUB,Mary Kay Andrews,1250126096,3
St. Martin's,THE WEEKENDERS,Mary Kay Andrews,1466872926,4
Mira,THE GOOD GIRL,Mary Kubica,1460330196,2
Broadway,WORLD WAR Z,Max Brooks,307351939,8
Berkley,BRIGHTER THAN THE SUN,Maya Banks,698176197,1
Random House Publishing,HIGHLANDER MOST WANTED,Maya Banks,345538897,1
Avon,JUST ONE TOUCH,Maya Banks,62410199,1
Avon,KEEP ME SAFE,Maya Banks,62312472,0
Random House Publishing,NEVER LOVE A HIGHLANDER,Maya Banks,345519523,0
Random House Publishing,NEVER SEDUCE A SCOT,Maya Banks,345536037,0
Avon,SAFE AT LAST,Maya Banks,62312510,1
Avon,WITH EVERY BREATH,Maya Banks,62410172,1
Ballantine,THE WEDNESDAY SISTERS,Meg Waite Clayton,345507843,0
Riverhead,THE FEMALE PERSUASION,Meg Wolitzer,525533222,1
Red Dress,DEFIANT QUEEN,Meghan March,1943796033,1
Red Dress Press,IRON PRINCESS,Meghan March,1943796084,1
Red Dress Press,ROGUE ROYALTY,Meghan March,1943796106,1
Red Dress,SAVAGE PRINCE,Meghan March,1943796068,1
Delacorte,THE SWANS OF FIFTH AVENUE,Melanie Benjamin,345539753,0
Gossamer,SCORCHED,Melody Anne,1938786947,1
Gossamer,SEDUCED,Melody Anne,1938786858,1
Forever,HARD LOVE,Meredith Wild,1455591742,1
Mia Sheridan,ARCHER'S VOICE,Mia Sheridan,692214844,1
Penguin Group,ROBERT B. PARKERS KILLING THE BLUES,Michael Brandman,399157840,1
Harper/HarperCollins,MOONGLOW,Michael Chabon,62225553,0
HarperCollins Publishers,TELEGRAPH AVENUE,Michael Chabon,61493341,1
"Little, Brown",THE BLACK BOX,Michael Connelly,316069442,5
"Little, Brown",THE BLACK ECHO,Michael Connelly,759525773,0
"Little, Brown",THE BLACK ICE,Michael Connelly,759525781,0
"Little, Brown",THE BURNING ROOM,Michael Connelly,316225924,0
"Little, Brown",THE CROSSING,Michael Connelly,1455524158,0
"Little, Brown",THE FIFTH WITNESS,Michael Connelly,316069388,8
"Little, Brown",THE GODS OF GUILT,Michael Connelly,316069507,0
"Little, Brown",THE LATE SHOW,Michael Connelly,316225975,7
"Little, Brown",THE LINCOLN LAWYER,Michael Connelly,759514712,0
"Little, Brown & Company",THE SAFE MAN,Michael Connelly,316233684,0
"Little, Brown",THE WRONG SIDE OF GOODBYE,Michael Connelly,316225959,7
"Little, Brown",TWO KINDS OF TRUTH,Michael Connelly,316225916,7
Harper,DRAGON TEETH,Michael Crichton,62473352,4
Harper,PIRATE LATITUDES,Michael Crichton,61938742,0
Harper,PREY,Michael Crichton,61750239,1
HarperCollins Publishers,MICRO,Michael Crichton and Richard Preston,60873027,0
Knopf,WARLIGHT,Michael Ondaatje,525521194,1
St. Martins,A HEARTBEAT AWAY,Michael Palmer,1429994266,0
Open Road Media,THE HANGING JUDGE,Michael Ponsor,1480441929,0
Picador,THE REVENANT,Michael Punke,1250072689,8
"Mulholland/Little, Brown",SAY YOU'RE SORRY,Michael Robotham,316221252,1
St. Martin's,ABUSE OF POWER,Michael Savage,312651619,0
St. Martin's Griffin,A PARIS APARTMENT,Michelle Gable,1466849622,0
Putnam,TOM CLANCY: POINT OF CONTACT,Mike Maden,735215863,2
Harper,THE FIRST PHONE CALL FROM HEAVEN,Mitch Albom,62294377,0
Harper/HarperCollins,THE MAGIC STRINGS OF FRANKIE PRESTO,Mitch Albom,62294415,5
Hyperion Press,THE TIME KEEPER,Mitch Albom,1401322786,0
Orbit,THE STONE SKY,N K Jemisin,316229253,1
Berkley,ARCHANGEL'S VIPER,Nalini Singh,451488253,1
Berkley,SILVER SILENCE,Nalini Singh,1101987812,1
Penwyck,HER LAST LETTER,Nancy C Johnson,979190916,0
Ballantine,THE ISLAND HOUSE,Nancy Thayer,1101967064,0
Knopf,THE NIX,Nathan Hill,1101946628,0
HarperCollins,REAMDE,Neal Stephenson,61977969,1
Morrow/HarperCollins,SEVENEVES,Neal Stephenson,62190377,0
Morrow,TRIGGER WARNING,Neil Gaiman,62330268,0
Grand Central Publishing,PLUM ISLAND,Nelson DeMille,759528330,1
Simon & Schuster,THE CUBAN AFFAIR,Nelson DeMille,1501101749,6
Grand Central Publishing,THE PANTHER,Nelson DeMille,1455518379,0
Center Street,THE QUEST,Nelson DeMille,1455576425,0
Minotaur,BOAR ISLAND,Nevada Barr,1466870931,0
Minotaur,DESTROYER ANGEL,Nevada Barr,1466841680,0
St. Martin's Press,THE ROPE,Nevada Barr,1429951133,1
Grand Central,SAFE HAVEN,Nicholas Sparks,446574244,0
Grand Central,SEE ME,Nicholas Sparks,1455520608,15
Grand Central,THE CHOICE,Nicholas Sparks,446401315,9
Grand Central,THE GUARDIAN,Nicholas Sparks,759527881,1
Grand Central,THE LONGEST RIDE,Nicholas Sparks,1455520667,25
Grand Central Publishing,THE LUCKY ONE,Nicholas Sparks,446542180,0
Grand Central,THE WEDDING,Nicholas Sparks,759507910,1
Grand Central,TWO BY TWO,Nicholas Sparks,1455520691,16
Grand Central,BEFORE THE FALL,Noah Hawley,1455561800,0
Berkley,BLOOD MAGICK,Nora Roberts,698144546,0
Penguin Group,CHASING FIRE,Nora Roberts,515150630,0
St. Martin's,COME SUNDOWN,Nora Roberts,1250123100,5
Berkley,ISLAND OF GLASS,Nora Roberts,425280128,3
Berkley,STARS OF FORTUNE,Nora Roberts,425280101,4
Putnam,THE COLLECTOR,Nora Roberts,515154121,0
Putnam,THE LIAR,Nora Roberts,1101989750,10
Penguin Group,THE SEARCH,Nora Roberts,515149489,0
Harlequin,UNFINISHED BUSINESS,Nora Roberts,1459295366,6
Vintage,A TASTE FOR DEATH,P D James,307758982,1
Knopf Doubleday Publishing,DEATH COMES TO PEMBERLEY,P D James,307959856,0
Mira,THE ORPHAN'S TALE,Pam Jenoff,778319814,1
Ace,BURN BRIGHT,Patricia Briggs,698195833,1
Ace,FIRE TOUCHED,Patricia Briggs,698180917,0
Penguin Group,RIVER MARKED,Patricia Briggs,441019730,0
Ace,SHIFTING SHADOWS,Patricia Briggs,1101609508,0
Ace,SILENCE FALLEN,Patricia Briggs,698195817,1
Morrow,CHAOS,Patricia Cornwell,62436686,0
Morrow/HarperCollins,DEPRAVED HEART,Patricia Cornwell,62325426,0
Penguin Group,THE WISE MAN'S FEAR,Patrick Rothfuss,756404738,0
"Farrar, Straus & Giroux",THE SELLOUT,Paul Beatty,1250083257,0
Riverhead,INTO THE WATER,Paula Hawkins,735211221,13
Riverhead,THE GIRL ON THE TRAIN,Paula Hawkins,1594634025,102
Ballantine,CIRCLING THE SUN,Paula McLain,345534190,4
Random House,THE PARIS WIFE,Paula McLain,345521323,0
Knopf,ADULTERY,Paulo Coelho,1101874082,0
HarperCollins,THE ALCHEMIST,Paulo Coelho,62416219,6
Penelope Ward,DRUNK DIAL,Penelope Ward,1942215665,1
Penelope Ward,GENTLEMAN NINE,Penelope Ward,1942215738,1
Penelope Ward,NEIGHBOR DEAREST,Penelope Ward,1942215479,1
Penelope Ward,ROOMHATE,Penelope Ward,1942215363,2
Penelope Ward,STEPBROTHER DEAREST,Penelope Ward,1942215037,4
C. Scott Publishing,COCKY BASTARD,Penelope Ward and Vi Keeland,1942215215,0
EverAfter Romance,PLAYBOY PILOT,Penelope Ward and Vi Keeland,1942215495,0
C. Scott Publishing,REBEL HEART,Penelope Ward and Vi Keeland,1942215800,1
Del Rey,THE SKULL THRONE,Peter V Brett,804177473,1
Penguin Press,REDEPLOYMENT,Phil Klay,1594204993,1
Mariner,THE MAN IN THE HIGH CASTLE,Philip K Dick,547572484,0
Touchstone,THE BOLEYN INHERITANCE,Philippa Gregory,743298543,0
Simon & Schuster,THE KINGMAKERS DAUGHTER,Philippa Gregory,1451626142,1
Simon & Schuster,THE KINGMAKERS DAUGHTER,Philippa Gregory,1451626142,1
Touchstone,THE LAST TUDOR,Philippa Gregory,1476758786,1
Touchstone,THE TAMING OF THE QUEEN,Philippa Gregory,1476758824,1
Touchstone,THE WHITE PRINCESS,Philippa Gregory,1451626150,1
Touchstone,THE WHITE QUEEN,Philippa Gregory,1416563911,0
Touchstone,"THREE SISTERS, THREE QUEENS",Philippa Gregory,1476758751,1
Del Rey,GOLDEN SON,Pierce Brown,345539826,1
Del Rey,IRON GOLD,Pierce Brown,425285928,1
Del Rey,MORNING STAR,Pierce Brown,345539850,1
Wizards of the Coast,NEVERWINTER,R A Salvatore,786958421,0
Rerum Industries,DOUBLE DARE,R L Mathewson,988573237,1
HarperCollins,ANY MAN OF MINE,Rachel Gibson,62079166,1
HarperCollins Publishers,RESCUE ME,Rachel Gibson,62069136,1
Thomas Nelson,THE WEDDING DRESS,Rachel Hauck,1401686311,0
Rachel Van Dyken,THE BET,Rachel Van Dyken,989078310,7
HQN,RIVERBEND ROAD,Raeanne Thayne,373789831,0
HQN,SNOWFALL ON HAVEN POINT,RaeAnne Thayne,1459294947,1
HQN,SUGAR PINE TRAIL,RaeAnne Thayne,373803680,1
Putnam,CARIBBEAN RIM,Randy Wayne White,735212783,1
Putnam,ROBERT B. PARKER'S BLIND SPOT,Reed Farrel Coleman,698155629,1
Putnam,THE HANGMAN'S SONNET,Reed Farrel Coleman,698166612,1
Hyperion Press,FROZEN HEAT,Richard Castle,1401304729,1
Hyperion,HEAT RISES,Richard Castle,1401303919,0
Hyperion Press,HEAT WAVE,Richard Castle,1401394760,0
Kingswell,RAGING HEAT,Richard Castle,1484720342,1
Scribner,FALL FROM GRACE,Richard North Patterson,1451617089,0
Simon & Schuster,A STEP OF FAITH,Richard Paul Evans,1451628293,1
Simon & Schuster,LOST DECEMBER,Richard Paul Evans,1451628005,1
Simon & Schuster,THE MISTLETOE INN,Richard Paul Evans,1501119796,1
Simon & Schuster,THE MISTLETOE PROMISE,Richard Paul Evans,1476728208,1
Simon & Schuster,THE MISTLETOE SECRET,Richard Paul Evans,1501119818,1
Simon & Schuster,THE NOEL DIARY,Richard Paul Evans,1501172034,1
Simon & Schuster,THE ROAD TO GRACE,Richard Paul Evans,1451628188,1
Simon & Schuster,WALKING ON WATER,Richard Paul Evans,1451628315,1
Holt,THE WHITES,Richard Price writing as Harry Brandt,1429974125,1
Knopf,EVERYBODY'S FOOL,Richard Russo,307270645,2
Vintage,VERONICA MARS: THE THOUSAND-DOLLAR TAN LINE,Rob Thomas and Jennifer Graham,804170711,1
Putnam,THE WANTED,Robert Crais,399573909,1
"Mulholland/Little, Brown",CAREER OF EVIL,Robert Galbraith,316349925,4
"Mulholland/Little, Brown",THE CUCKOO'S CALLING,Robert Galbraith,316206865,0
Tor/Tom Doherty Associates,A MEMORY OF LIGHT,Robert Jordan and Brandon Sanderson,1429997176,3
Tom Doherty,TOWERS OF MIDNIGHT,Robert Jordan and Brandon Sanderson,1429960639,0
Del Rey,ASSASSIN'S FATE,Robin Hobb,553392972,1
Del Rey,FOOL'S ASSASSIN,Robin Hobb,553392433,0
Mira,A NEW HOPE,Ron Carr,1460382072,2
Harlequin,ANY DAY NOW,Ron Carr,1460396618,1
Mira,BACKWARD GLANCE,Ron Carr,1459295498,0
Mira,BRING ME HOME FOR CHRISTMAS,Ron Carr,778312712,0
Harlequin Mira,FOUR FRIENDS,Ron Carr,1460328612,1
Harlequin,MY KIND OF CHRISTMAS,Ron Carr,1459244370,1
Mira,ONE WISH,Ron Carr,1460380401,0
Harlequin,REDWOOD BEND,Ron Carr,1459222776,0
Harlequin,SUNRISE POINT,Ron Carr,778313174,0
MIRA,THE FAMILY GATHERING,Ron Carr,1488023557,1
Harlequin Mira,THE HERO,Ron Carr,1460317971,2
Mira,THE HOUSE ON OLIVE STREET,Ron Carr,1460346769,1
Mira,THE LIFE SHE WANTS,Ron Carr,1460395956,1
Harlequin Mira,THE NEWCOMER,Ron Carr,1460315065,2
Harlequin,WHAT WE FIND,Ron Carr,1459292472,1
Harlequin,WILD MAN CREEK,Ron Carr,778329313,2
Mira,WILDEST DREAMS,Ron Carr,778317498,0
Andrews McMeel,THE SUN AND HER FLOWERS,Rupi Kaur,1449486797,20
Scout,THE LYING GAME,Ruth Ware,1501156004,3
Scout,THE WOMAN IN CABIN 10,Ruth Ware,1501132954,35
Simon & Schuster,RECKLESS,S C Stephens,1476718210,1
Forever,THOUGHTFUL,S C Stephens,1455588814,0
Pocket Books,A LADY NEVER SURRENDERS,Sabrina Jeffries,1451642490,1
Bloomsbury,THE BONE SEASON,Samantha Shannon,1620401401,1
Pocket,CHILL FACTOR,Sandra Brown,743290062,0
Grand Central,FRENCH SILK,Sandra Brown,1455546313,0
Grand Central,FRICTION,Sandra Brown,1455581178,4
Grand Central Publishing,LOW PRESSURE,Sandra Brown,1455501530,0
Grand Central Publishing,MIRROR IMAGE,Sandra Brown,1455546348,3
Grand Central,SEEING RED,Sandra Brown,1455572071,4
Grand Central,STING,Sandra Brown,1455581232,0
Grand Central,THE WITNESS,Sandra Brown,1455546445,0
Simon & Schuster,TOUGH CUSTOMER,Sandra Brown,1416563229,1
Spiegel & Grau,AT THE WATER'S EDGE,Sara Gruen,812997891,0
Algonquin,WATER FOR ELEPHANTS,Sara Gruen,1565125851,0
St. Martin's,FIRST FROST,Sarah Addison Allen,1250019842,1
St. Martin's Press,LOST LAKE,Sarah Addison Allen,1250019818,0
Bantam,THE GIRL WHO CHASED THE MOON,Sarah Addison Allen,553906542,0
Penguin Group,THE POSTMISTRESS,Sarah Blake,425238695,0
Avon,A SCOT IN THE DARK,Sarah MacLean,62379445,1
Avon/HarperCollins,NEVER JUDGE A LADY BY HER COVER,Sarah MacLean,62065416,1
Avon,THE DAY OF THE DUCHESS,Sarah MacLean,62379461,1
Avon,THE ROGUE NOT TAKEN,Sarah MacLean,62379399,0
Broadway,THE BAKER'S DAUGHTER,Sarah McCoy,307460207,0
Loveswept,HAWKE,Sawyer Bennett,1101968109,1
Loveswept,ZACK,Sawyer Bennett,1101886773,0
Grand Central,TESTIMONY,Scott Turow,1455553522,1
Grand Central Publishing,ABRAHAM LINCOLN: VAMPIRE HUNTER,Seth Grahame-Smith,446571857,5
Penguin,THE COUPLE NEXT DOOR,Shari Lapena,525505318,3
Morrow,WHISPER BEACH,Shelley Noble,62319183,0
St. Martin's,BORN OF BETRAYAL,Sherrilyn Kenyon,1466840951,0
Grand Central,BORN OF SHADOWS,Sherrilyn Kenyon,446573248,0
St. Martin's,DRAGONBANE,Sherrilyn Kenyon,1250029953,1
St. Martin's,DRAGONMARK,Sherrilyn Kenyon,1250092418,1
Mira,DOGWOOD HILL,Sherryl Woods,1460345797,1
Harlequin Mira,HOME TO SEAVIEW KEY,Sherryl Woods,1460325273,1
Harlequin,MOONLIGHT COVE,Sherryl Woods,778329798,1
Harlequin Mira,SEA GLASS ISLAND,Sherryl Woods,778314464,0
Mira,WILLOW BROOK ROAD,Sherryl Woods,778317668,0
Simon & Schuster,A DEEPER LOVE INSIDE,Sister Souljah,1439165343,0
Random House Publishing,CAN YOU KEEP A SECRET?,Sophie Kinsella,440334861,4
Random House Publishing,I'VE GOT YOUR NUMBER,Sophie Kinsella,679644687,2
Dial,MY NOT SO PERFECT LIFE,Sophie Kinsella,812998278,1
Dial,WEDDING NIGHT,Sophie Kinsella,812993853,1
Morrow/HarperCollins,AMERICA'S FIRST DAUGHTER,Stephanie Dray and Laura Kamoie,62347276,0
Mira,A BUCCANEER AT HEART,Stephanie Laurens,1459294033,0
Mira,A MATCH FOR MARCUS CYNSTER,Stephanie Laurens,992278988,1
HarperCollins Publishers,THE CAPTURE OF THE EARL OF GLENCRAE,Stephanie Laurens,62066226,1
HarperCollins Publishers,THE LADY RISKS ALL,Stephanie Laurens,62066269,0
Avon/HarperCollins,THE MASTERFUL MR. MONTAGUE,Stephanie Laurens,62066293,1
Simon & Schuster,SNIPER'S HONOR,Stephen Hunter,1451640269,1
Simon & Schuster,SOFT TARGET,Stephen Hunter,1439149941,0
Scribner,11/22/1963,Stephen King,1501120603,19
Scribner,END OF WATCH,Stephen King,1501129740,6
Scribner,FINDERS KEEPERS,Stephen King,1501100130,0
Scribner,IT,Stephen King,1501175467,15
Hard Case Crime,JOYLAND,Stephen King,1781162646,3
Scribner,MR. MERCEDES,Stephen King,1476754462,7
Scribner,REVIVAL,Stephen King,1476770387,7
Scribner,THE BAZAAR OF BAD DREAMS,Stephen King,1501111671,8
Scribner,THE OUTSIDER,Stephen King,1501180983,1
Scribner,THE WIND THROUGH THE KEYHOLE,Stephen King,1451658907,2
Simon & Schuster,"UNDER THE DOME, PART 1",Stephen King,1439168032,0
"Little, Brown",THE CHEMIST,Stephenie Meyer,316387835,0
"Little, Brown & Company",THE HOST,Stephenie Meyer,316128651,6
Minotaur,THE 14TH COLONY,Steve Berry,1466862610,2
Minotaur,THE BISHOP'S PAWN,Steve Berry,1250140234,1
Random House Publishing,THE COLUMBUS AFFAIR,Steve Berry,345526538,0
Random House,THE JEFFERSON KEY,Steve Berry,345530160,0
Ballantine,THE KING'S DECEPTION,Steve Berry,345526562,1
St. Martin's,THE LOST ORDER,Steve Berry,1466862629,1
Minotaur,THE PATRIOT THREAT,Steve Berry,1466862602,1
Putnam,THE SECOND LIFE OF NICK MASON,Steve Hamilton,399574336,0
Morrow,BLOOD FLAG,Steve Martini,62328972,0
Morrow,THE ENEMY INSIDE,Steve Martini,62328948,0
Knopf Doubleday Publishing,THE GIRL WHO KICKED THE HORNETS NEST,Stieg Larsson,307593673,0
Knopf Doubleday Publishing,THE GIRL WHO PLAYED WITH FIRE,Stieg Larsson,307272303,0
Knopf Doubleday Publishing,THE GIRL WITH THE DRAGON TATTOO,Stieg Larsson,307272117,31
Putnam,CUT AND THRUST,Stuart Woods,698154088,1
Putnam,FAST AND LOOSE,Stuart Woods,399574212,1
Putnam,INDECENT EXPOSURE,Stuart Woods,735217130,1
Putnam,QUICK & DIRTY,Stuart Woods,735217165,1
Putnam,BARELY LEGAL,Stuart Woods and Parnell Hall,735217254,1
Holt,A IS FOR ALIBI,Sue Grafton,1429901349,1
Penguin Group,V IS FOR VENGEANCE,Sue Grafton,399157867,6
Marian Wood/Putnam,W IS FOR WASTED,Sue Grafton,1101636459,0
Marian Wood/Putnam,Y IS FOR YESTERDAY,Sue Grafton,399163859,4
HarperCollins,FIRST STAR I SEE TONIGHT,Susan Elizabeth Phillips,62405632,1
Morrow,HEROES ARE MY WEAKNESS,Susan Elizabeth Phillips,62106112,0
HarperCollins Publishers,THE GREAT ESCAPE,Susan Elizabeth Phillips,62106104,1
Harlequin,ALL SUMMER LONG,Susan Mallery,1459234537,1
Harlequin,BEFORE WE KISS,Susan Mallery,1460332954,1
HQN,BEST OF MY LOVE,Susan Mallery,1459293894,1
HQN,DAUGHTERS OF THE BRIDE,Susan Mallery,1460394356,1
Harlequin Mira,EVENING STARS,Susan Mallery,1460327047,0
Harlequin,ONLY US,Susan Mallery,1426834101,1
HQN,SECRETS OF THE TULIP SISTERS,Susan Mallery,1488023220,1
MIRA,SISTERS LIKE US,Susan Mallery,1488023689,1
Harlequin,SUMMER DAYS,Susan Mallery,1459230051,1
Harlequin,SUMMER NIGHTS,Susan Mallery,1459233174,1
Harlequin,THREE LITTLE WORDS,Susan Mallery,1460316487,1
Harlequin,THRILL ME,Susan Mallery,1460384016,1
Harlequin,TWO OF A KIND,Susan Mallery,1460315154,1
Harlequin,UNTIL WE TOUCH,Susan Mallery,1460334574,1
Harlequin,WHEN WE MET,Susan Mallery,1460331184,1
HQN,YOU SAY IT FIRST,Susan Mallery,1488028443,1
Harlequin,YOURS FOR CHRISTMAS,Susan Mallery,1459256476,1
Morrow,FAMILY TREE,Susan Wiggs,62425471,0
Harlequin,MARRYING DAISY BELLAMY,Susan Wiggs,1426884265,0
St. Martin's Press,ONE GOOD DOG,Susan Wilson,1429959304,0
Random House,BREAKING THE RULES,Suzanne Brockmann,345521242,0
Harlequin,AFTERBURN,Sylvia Day,1459245954,1
Harlequin,AFTERSHOCK,Sylvia Day,1459245997,1
St. Martin's Griffin,ONE WITH YOU,Sylvia Day,1250109310,4
Random House Publishing,THE TIGER'S WIFE,Ta Obreht,385343841,0
Dutton,COLD COLD HEART,Tami Hoag,698157273,1
Dutton,THE BITTER SEASON,Tami Hoag,698190831,1
HarperCollins,THE HOUSE GIRL,Tara Conklin,62207520,1
St. Martins,SARAHS KEY,Tatiana de Rosnay,1429985216,0
Algonquin,AN AMERICAN MARRIAGE,Tayari Jones,1616207604,8
Crown Publishing,THE INFORMATIONIST,Taylor Stevens,307717119,0
Random House,THE TIGERS WIFE,Tea Obreht,385343833,1
Morrow,WARRIORS,Ted Bell,62279408,0
Center Street,BONEMAN'S DAUGHTERS,Ted Dekker,1599952602,1
Random House Publishing,WARDS OF FAERIE,Terry Brooks,345523490,1
Doherty,THE OMEN MACHINE,Terry Goodkind,765327724,1
Tor/Tom Doherty,THE THIRD KINGDOM,Terry Goodkind,1466826274,1
Tor,WARHEART,Terry Goodkind,1466890401,0
Crown/Archetype,I ALMOST FORGOT ABOUT YOU,Terry McMillan,1101902574,0
HarperCollins Publishers,SNUFF,Terry Pratchett,62011847,1
Ballantine,DIE AGAIN,Tess Gerritsen,345543866,2
Ballantine,GIRL MISSING,Tess Gerritsen,345549635,1
Ballantine,I KNOW A SECRET,Tess Gerritsen,345543890,1
Random House Publishing,LAST TO DIE,Tess Gerritsen,345535952,0
Ballantine,THE MEPHISTO CLUB,Tess Gerritsen,345495306,0
Random House,THE SILENT GIRL,Tess Gerritsen,345526600,2
Ballantine,THE SURGEON,Tess Gerritsen,345449436,0
Avon,DO YOU WANT TO START A SCANDAL,Tessa Dare,62349058,0
Avon,THE DUCHESS DEAL,Tessa Dare,62349074,1
Avon,WHEN A SCOT TIES THE KNOT,Tessa Dare,62349031,0
Penguin Press,BLEEDING EDGE,Thomas Pynchon,1594204233,1
Del Rey,THRAWN,Timothy Zahn,345511271,1
Simon & Schuster,LOVE UNREHEARSED,Tina Reber,1476718989,1
Knopf,UNCOMMON TYPE,Tom Hanks,1101946156,2
"Little, Brown & Company",BACK TO BLOOD,Tom Wolfe,316214582,1
Knopf,GOD HELP THE CHILD,Toni Morrison,307594173,0
Random House Publishing,FATE OF THE JEDI: APOCALYPSE,Troy Denning,345509226,1
Houghton Mifflin Harcourt,THE PRAGUE CEMETERY,Umberto Eco,547577532,0
Pocket Books,FLOWERS IN THE ATTIC,VC Andrews,1451636946,1
Vi Keeland,BEAUTIFUL MISTAKE,Vi Keeland,1942215649,1
Vi Keeland,BOSSMAN,Vi Keeland,1942215460,0
EverAfter Romance,EGOMANIAC,Vi Keeland,1942215568,1
Vi Keeland,"SEX, NOT LOVE",Vi Keeland,1942215711,1
Vi Keeland,THE BALLER,Vi Keeland,1942215355,0
EverAfter Romance,MISTER MONEYBAGS,Vi Keeland and Penelope Ward,1942215584,1
C. Scott,REBEL HEIR,Vi Keeland and Penelope Ward,1942215835,1
EverAfter Romance,STUCK-UP SUIT,Vi Keeland and Penelope Ward,1942215398,3
Atria/Emily Bestler,AMERICAN ASSASSIN,Vince Flynn,1501180800,1
Emily Bestler/Atria,THE SURVIVOR,Vince Flynn and Kyle Mills,1476783470,6
Forge Books,A DOG'S PURPOSE,W Bruce Cameron,765388111,18
Whitney Williams,REASONABLE DOUBT: BOOK 2,Whitney G,990317013,1
WGW,REASONABLE DOUBT,Whitney Gracia Williams,990317005,0
WGW,REASONABLE DOUBT FULL SERIES,Whitney Gracia Williams,990317072,0
Morrow/HarperCollins,A LAND MORE KIND THAN HOME,Wiley Cash,62088246,1
Atria,MANITOU CANYON,William Kent Krueger,1476749280,0
Delacorte Press,DEFENDING JACOB,William Landay,345527593,13
Windblown Media,THE SHACK,William P Young,964729237,13
Forge,ONE YEAR AFTER,William R Forstchen,1466851899,0
Houghton Mifflin Harcourt,LIFE OF PI,Yann Martel,547416113,12
Penguin Press,SWING TIME,Zadie Smith,1594203989,0
Simon & Schuster,ADDICTED,Zane,743446577,1
